id,gender,masterCategory,subCategory,articleType,baseColour,season,year,usage,productDisplayName,image_path
24050,Men,Apparel,Topwear,Tshirts,Blue,Fall,2011.0,Casual,Locomotive Men Printed Blue T-shirt,data/fashion-dataset/images\24050.jpg
13967,Men,Apparel,Topwear,Tshirts,Red,Fall,2011.0,Casual,Ed Hardy Men Printed Red Tshirts,data/fashion-dataset/images\13967.jpg
4256,Men,Apparel,Topwear,Tshirts,Grey Melange,Summer,2011.0,Casual,Inkfruit Men Grey Melange Printed T-shirt,data/fashion-dataset/images\4256.jpg
50194,Boys,Apparel,Topwear,Tshirts,Black,Summer,2012.0,Casual,Gini and Jony Boys Black T-shirt,data/fashion-dataset/images\50194.jpg
58372,Men,Apparel,Topwear,Tshirts,Beige,Summer,2012.0,Casual,Locomotive Men Beige T-shirt,data/fashion-dataset/images\58372.jpg
4361,Men,Apparel,Topwear,Tshirts,Blue,Summer,2011.0,Casual,Free Authority Men's Melting Times Blue T-shirt,data/fashion-dataset/images\4361.jpg
4319,Unisex,Apparel,Topwear,Tshirts,Blue,Summer,2011.0,Casual,Tantra Kid's Unisex Free Spirit Turquoise Kidswear,data/fashion-dataset/images\4319.jpg
9961,Men,Apparel,Topwear,Tshirts,White,Fall,2011.0,Sports,Nike Men Medals Crew White T-Shirts,data/fashion-dataset/images\9961.jpg
6724,Men,Apparel,Topwear,Tshirts,Navy Blue,Summer,2011.0,Casual,Locomotive Men's Print Electric Supply Blue T-shirt,data/fashion-dataset/images\6724.jpg
3110,Men,Apparel,Topwear,Tshirts,Black,Summer,2011.0,Casual,Probase Men's Western Highway Black T-shirt,data/fashion-dataset/images\3110.jpg
13966,Men,Apparel,Topwear,Tshirts,White,Fall,2011.0,Casual,Ed Hardy Men Solid White Tshirts,data/fashion-dataset/images\13966.jpg
6272,Men,Apparel,Topwear,Tshirts,Grey,Summer,2011.0,Casual,UCB Men's Contrast Rib Grey T-shirt,data/fashion-dataset/images\6272.jpg
6066,Men,Apparel,Topwear,Tshirts,Black,Summer,2011.0,Casual,UCB Men's Polo Neck Striper Heavy Wash Black Pink T-shirt,data/fashion-dataset/images\6066.jpg
22330,Men,Apparel,Topwear,Tshirts,White,Fall,2011.0,Casual,John Players Men Stripes White T-Shirt,data/fashion-dataset/images\22330.jpg
37155,Men,Apparel,Topwear,Tshirts,White,Summer,2016.0,Casual,Campbell Men Pack of 3 T-shirt,data/fashion-dataset/images\37155.jpg
29247,Men,Apparel,Topwear,Tshirts,Yellow,Summer,2012.0,Sports,ADIDAS Men Lakers Yellow Jersey,data/fashion-dataset/images\29247.jpg
8340,Boys,Apparel,Topwear,Tshirts,Black,Fall,2011.0,Casual,Doodle Boy's Volleyball Champion Black White Kidswear,data/fashion-dataset/images\8340.jpg
3943,Women,Apparel,Topwear,Tshirts,Maroon,Summer,2011.0,Casual,Jealous 21 Women's Maroon T-shirt,data/fashion-dataset/images\3943.jpg
4082,Men,Apparel,Topwear,Tshirts,Beige,Summer,2011.0,Casual,Inkfruit Men's Avast Ye Beige T-shirt,data/fashion-dataset/images\4082.jpg
7012,Men,Apparel,Topwear,Tshirts,Green,Summer,2011.0,Casual,Classic Polo Men's Green Polo With Grey Stripes T-shirt,data/fashion-dataset/images\7012.jpg
12884,Men,Apparel,Topwear,Tshirts,Grey,Fall,2011.0,Casual,Spykar Men Helmet Grey T-Shirts,data/fashion-dataset/images\12884.jpg
28844,Men,Apparel,Topwear,Tshirts,Charcoal,Summer,2012.0,Casual,Proline Men Charcoal T-shirt,data/fashion-dataset/images\28844.jpg
2091,Men,Apparel,Topwear,Tshirts,Maroon,Fall,2010.0,Sports,ADIDAS Mens ESS 3S Polo T-shirt,data/fashion-dataset/images\2091.jpg
10993,Men,Apparel,Topwear,Tshirts,Grey,Fall,2011.0,Casual,Inkfruit Men Tea Kwon Do Grey Tshirts,data/fashion-dataset/images\10993.jpg
3779,Men,Apparel,Topwear,Tshirts,Black,Summer,2011.0,Casual,Status Quo Men's Black Polo T-shirt,data/fashion-dataset/images\3779.jpg
33304,Boys,Apparel,Topwear,Tshirts,Yellow,Summer,2012.0,Casual,Gini and Jony Boys Pack of 2 T-shirts,data/fashion-dataset/images\33304.jpg
7003,Men,Apparel,Topwear,Tshirts,Blue,Summer,2011.0,Casual,s.Oliver Men's Sky Polo Blue T-shirt,data/fashion-dataset/images\7003.jpg
2847,Men,Apparel,Topwear,Tshirts,Purple,Summer,2011.0,Casual,Mr.Men Men's Is There More Love Purple T-shirt,data/fashion-dataset/images\2847.jpg
10465,Men,Apparel,Topwear,Tshirts,Purple,Fall,2011.0,Casual,Flying Machine Men Paisley Purple Tshirts,data/fashion-dataset/images\10465.jpg
7749,Men,Apparel,Topwear,Tshirts,Purple,Fall,2011.0,Casual,Indigo Nation Men Young Lords Purple T-shirt,data/fashion-dataset/images\7749.jpg
51370,Men,Apparel,Topwear,Tshirts,Black,Summer,2012.0,Casual,Spykar Men Black T-shirt,data/fashion-dataset/images\51370.jpg
37532,Boys,Apparel,Topwear,Tshirts,Blue,Summer,2012.0,Casual,Madagascar3 Infant Boys Light Blue T-Shirt,data/fashion-dataset/images\37532.jpg
4209,Boys,Apparel,Topwear,Tshirts,Green,Summer,2011.0,Casual,Disney Kids Boy's Green Mickey On Skates Kidswear,data/fashion-dataset/images\4209.jpg
2615,Men,Apparel,Topwear,Tshirts,Blue,Fall,2010.0,Sports,Nike Black Bleed Blue T-shirt,data/fashion-dataset/images\2615.jpg
31102,Boys,Apparel,Topwear,Tshirts,Red,Summer,2012.0,Casual,Gini and jony Boys Printed Red T-shirt,data/fashion-dataset/images\31102.jpg
18618,Men,Apparel,Topwear,Tshirts,Blue,Fall,2011.0,Casual,Puma Men Team Essential Moonlight Steelblue Polo Tshirts,data/fashion-dataset/images\18618.jpg
7817,Men,Apparel,Topwear,Tshirts,Purple,Fall,2011.0,Casual,Proline Men Purple Striped Polo T-shirt,data/fashion-dataset/images\7817.jpg
23973,Men,Apparel,Topwear,Tshirts,Purple,Fall,2011.0,Casual,Peter England Men Purple Printed T-shirt,data/fashion-dataset/images\23973.jpg
4371,Men,Apparel,Topwear,Tshirts,Grey,Summer,2011.0,Casual,Mickey Men's Pluto Order Comic Charcoal T-shirt,data/fashion-dataset/images\4371.jpg
3082,Men,Apparel,Topwear,Tshirts,Navy Blue,Summer,2011.0,Casual,Probase Men's Cartoon Navy T-shirt,data/fashion-dataset/images\3082.jpg
24275,Men,Apparel,Topwear,Tshirts,White,Summer,2012.0,Casual,Quiksilver Men Basic White T-shirt,data/fashion-dataset/images\24275.jpg
28565,Men,Apparel,Topwear,Tshirts,Blue,Summer,2012.0,Casual,Nike Men Air Bags Blue T-shirt,data/fashion-dataset/images\28565.jpg
9783,Men,Apparel,Topwear,Tshirts,White,Fall,2011.0,Casual,ADIDAS Men Bnce Hop White Tshirts,data/fashion-dataset/images\9783.jpg
13232,Men,Apparel,Topwear,Tshirts,Orange,Fall,2011.0,Casual,Palm Tree Kids Boys Printed Orange Tshirts,data/fashion-dataset/images\13232.jpg
57424,Women,Apparel,Topwear,Tshirts,Charcoal,Summer,2015.0,Casual,Angry Birds Women Charcoal T-shirt,data/fashion-dataset/images\57424.jpg
38605,Men,Apparel,Topwear,Tshirts,Yellow,Summer,2012.0,Casual,Nike Men Yellow Eligible Athlete T-shirt,data/fashion-dataset/images\38605.jpg
6551,Men,Apparel,Topwear,Tshirts,Blue,Summer,2011.0,Sports,Nike Men's Miler Singlet Blue T-shirt,data/fashion-dataset/images\6551.jpg
2861,Men,Apparel,Topwear,Tshirts,Green,Summer,2011.0,Casual,Inkfruit Men's I am Hooked Green T-shirt,data/fashion-dataset/images\2861.jpg
32768,Men,Apparel,Topwear,Tshirts,Grey,Spring,2013.0,Casual,Music Men Printed Grey T-shirt,data/fashion-dataset/images\32768.jpg
42394,Women,Apparel,Topwear,Tshirts,Purple,Summer,2012.0,Casual,Flying Machine Women Purple T-shirt,data/fashion-dataset/images\42394.jpg
30647,Men,Apparel,Topwear,Tshirts,Black,Summer,2012.0,Casual,Nike Men U Logo Black T-shirt,data/fashion-dataset/images\30647.jpg
23627,Men,Apparel,Topwear,Tshirts,White,Spring,2013.0,Casual,Beatles Men White Printed T-Shirt,data/fashion-dataset/images\23627.jpg
40974,Boys,Apparel,Topwear,Tshirts,Green,Summer,2012.0,Casual,Gini and Jony Boys United Green T-shirt,data/fashion-dataset/images\40974.jpg
33935,Men,Apparel,Topwear,Tshirts,Turquoise Blue,Summer,2012.0,Casual,ADIDAS Men Polo Turquoise Blue T-Shirt,data/fashion-dataset/images\33935.jpg
4398,Men,Apparel,Topwear,Tshirts,Green,Summer,2011.0,Casual,Free Authority Men's Foil Raw Edge Washed Olive T-shirt,data/fashion-dataset/images\4398.jpg
31586,Men,Apparel,Topwear,Tshirts,Yellow,Summer,2012.0,Casual,Mark Taylor Men Printed Yellow T-shirt,data/fashion-dataset/images\31586.jpg
44834,Men,Apparel,Topwear,Tshirts,Black,Summer,2012.0,Sports,Puma Men Black Training T-shirt,data/fashion-dataset/images\44834.jpg
4315,Unisex,Apparel,Topwear,Tshirts,Brown,Summer,2011.0,Casual,Tantra Kid's Unisex Harappa Choco Brown Kidswear,data/fashion-dataset/images\4315.jpg
34399,Men,Apparel,Topwear,Tshirts,Black,Summer,2012.0,Casual,Myntra Men Global Response Black T-shirt,data/fashion-dataset/images\34399.jpg
15933,Men,Apparel,Topwear,Tshirts,Blue,Fall,2011.0,Casual,Regent Polo Club Men Solid Blue Tshirt,data/fashion-dataset/images\15933.jpg
35880,Boys,Apparel,Topwear,Tshirts,White,Summer,2012.0,Casual,Jungle Book Boys Royal White T-shirt,data/fashion-dataset/images\35880.jpg
2056,Men,Apparel,Topwear,Tshirts,Grey,Winter,2010.0,Casual,Lee Men's Ten Minutes to Midnight T-shirt,data/fashion-dataset/images\2056.jpg
2054,Men,Apparel,Topwear,Tshirts,Maroon,Winter,2010.0,Casual,Lee Men's Stone T-shirt,data/fashion-dataset/images\2054.jpg
4402,Men,Apparel,Topwear,Tshirts,Black,Summer,2011.0,Casual,Billy Idol Men's Faceless Black T-shirt,data/fashion-dataset/images\4402.jpg
5442,Women,Apparel,Topwear,Tshirts,Blue,Summer,2011.0,Casual,Nike Women's Striped Polo Blue T-shirt,data/fashion-dataset/images\5442.jpg
41752,Boys,Apparel,Topwear,Tshirts,Yellow,Summer,2012.0,Casual,Doodle Boys Printed Yellow T-shirt,data/fashion-dataset/images\41752.jpg
29157,Boys,Apparel,Topwear,Tshirts,Pink,Summer,2012.0,Casual,United Colors of Benetton Boys Hopeland Pink T-shirt,data/fashion-dataset/images\29157.jpg
14648,Men,Apparel,Topwear,Tshirts,Black,Fall,2011.0,Casual,Probase Men White Grafitti Black Tshirts,data/fashion-dataset/images\14648.jpg
9974,Men,Apparel,Topwear,Tshirts,Black,Fall,2011.0,Sports,Nike Men Black Polo Tshirts,data/fashion-dataset/images\9974.jpg
48448,Men,Apparel,Topwear,Tshirts,Purple,Summer,2012.0,Casual,French Connection Men Purple T-shirt,data/fashion-dataset/images\48448.jpg
32924,Men,Apparel,Topwear,Tshirts,Navy Blue,Summer,2012.0,Casual,Status Quo Men Printed Navy Blue T-shirt,data/fashion-dataset/images\32924.jpg
18245,Men,Apparel,Topwear,Tshirts,White,Fall,2011.0,Casual,Manchester United Men Printed White Tshirt,data/fashion-dataset/images\18245.jpg
31148,Boys,Apparel,Topwear,Tshirts,White,Summer,2012.0,Casual,Gini and Jony Boys Printed White T-shirt,data/fashion-dataset/images\31148.jpg
4359,Men,Apparel,Topwear,Tshirts,Black,Summer,2011.0,Casual,Free Authority Men's Melting Records Black T-shirt,data/fashion-dataset/images\4359.jpg
23638,Men,Apparel,Topwear,Tshirts,Green,Summer,2012.0,Casual,DC Comics Men Green T-shirt,data/fashion-dataset/images\23638.jpg
13429,Men,Apparel,Topwear,Tshirts,Maroon,Summer,2011.0,Casual,United Colors of Benetton Men Printed Maroon Tshirts,data/fashion-dataset/images\13429.jpg
38152,Women,Apparel,Topwear,Tshirts,White,Summer,2012.0,Casual,Wildcraft Women White T-shirt,data/fashion-dataset/images\38152.jpg
6063,Men,Apparel,Topwear,Tshirts,White,Summer,2011.0,Casual,UCB Men's Roundneck Take Good Look White T-shirt,data/fashion-dataset/images\6063.jpg
27445,Women,Apparel,Topwear,Tshirts,Coffee Brown,Winter,2015.0,Casual,Jockey Women Coffee Brown T-shirt,data/fashion-dataset/images\27445.jpg
2484,Women,Apparel,Topwear,Tshirts,White,Fall,2010.0,Sports,Puma Women Spagetti White Top,data/fashion-dataset/images\2484.jpg
32970,Men,Apparel,Topwear,Tshirts,Black,Summer,2012.0,Casual,Angry Birds Men Printed Black T-shirt,data/fashion-dataset/images\32970.jpg
6512,Men,Apparel,Topwear,Tshirts,Green,Summer,2011.0,Casual,ADIDAS Men's Light Green T-shirt,data/fashion-dataset/images\6512.jpg
34314,Men,Apparel,Topwear,Tshirts,Orange,Summer,2012.0,Casual,Myntra Men Orange Urban T-shirt,data/fashion-dataset/images\34314.jpg
25504,Boys,Apparel,Topwear,Tshirts,Blue,Fall,2011.0,Casual,Doodle Kids Boys Soccer Blue T-Shirt,data/fashion-dataset/images\25504.jpg
14729,Men,Apparel,Topwear,Tshirts,White,Fall,2011.0,Casual,Ed Hardy Men Don.Ed White Tshirts,data/fashion-dataset/images\14729.jpg
40057,Men,Apparel,Topwear,Tshirts,Blue,Summer,2012.0,Casual,ADIDAS Men Blue Printed T-shirt,data/fashion-dataset/images\40057.jpg
2307,Women,Apparel,Topwear,Tshirts,Purple,Fall,2010.0,Sports,Nike Women Purple Polo T-shirt,data/fashion-dataset/images\2307.jpg
26479,Men,Apparel,Topwear,Tshirts,Black,Summer,2012.0,Casual,Puma Men Ferrari Black Polo T-shirt,data/fashion-dataset/images\26479.jpg
11363,Men,Apparel,Topwear,Tshirts,Black,Summer,2011.0,Casual,United Colors of Benetton Men Solid Black Tshirt,data/fashion-dataset/images\11363.jpg
38494,Boys,Apparel,Topwear,Tshirts,Green,Summer,2012.0,Casual,Gini and Jony Boys United Green T-shirt,data/fashion-dataset/images\38494.jpg
24911,Boys,Apparel,Topwear,Tshirts,Grey,Summer,2012.0,Casual,United Colors of Benetton Kids Boys Grey Printed T-shirt,data/fashion-dataset/images\24911.jpg
19581,Men,Apparel,Topwear,Tshirts,White,Summer,2011.0,Casual,United Colors of Benetton Men Printed White Tshirt,data/fashion-dataset/images\19581.jpg
1762,Women,Apparel,Topwear,Tshirts,Blue,Fall,2010.0,Sports,Lotto Women Cathy Blue T-shirt,data/fashion-dataset/images\1762.jpg
27444,Women,Apparel,Topwear,Tshirts,Black,Fall,2015.0,Casual,Jockey Women Black T-shirt,data/fashion-dataset/images\27444.jpg
26246,Men,Apparel,Topwear,Tshirts,Green,Summer,2012.0,Casual,Proline Men Green Polo Tshirt,data/fashion-dataset/images\26246.jpg
26725,Men,Apparel,Topwear,Tshirts,Black,Summer,2012.0,Casual,Puma Men Large Logo Graphic Black T-shirt,data/fashion-dataset/images\26725.jpg
12054,Men,Apparel,Topwear,Tshirts,White,Fall,2011.0,Casual,Spykar Men Printed White T-Shirts,data/fashion-dataset/images\12054.jpg
40267,Men,Apparel,Topwear,Tshirts,White,Summer,2012.0,Casual,Scullers Men Striped White T-shirt,data/fashion-dataset/images\40267.jpg
4780,Women,Apparel,Topwear,Tshirts,Pink,Summer,2011.0,Sports,ADIDAS Women's Balance Pink T-shirt,data/fashion-dataset/images\4780.jpg
3769,Men,Apparel,Topwear,Tshirts,Blue,Summer,2011.0,Casual,Status Quo Men's Blue Polo T-shirt,data/fashion-dataset/images\3769.jpg
3991,Men,Apparel,Topwear,Tshirts,White,Summer,2011.0,Casual,Mr.Men Men's Wave Rider White T-shirt,data/fashion-dataset/images\3991.jpg
11778,Men,Apparel,Topwear,Tshirts,Grey,Fall,2011.0,Casual,Lee Men Solid Grey Tshirts,data/fashion-dataset/images\11778.jpg
29019,Men,Apparel,Topwear,Tshirts,Navy Blue,Summer,2012.0,Casual,ADIDAS Men Color Block Navy Blue T-shirt,data/fashion-dataset/images\29019.jpg
7006,Men,Apparel,Topwear,Tshirts,Black,Summer,2011.0,Casual,s.Oliver Men's Sound Rebels Black T-shirt,data/fashion-dataset/images\7006.jpg
39003,Boys,Apparel,Topwear,Tshirts,White,Summer,2012.0,Casual,Gini and Jony Boys Unit White T-shirt,data/fashion-dataset/images\39003.jpg
53804,Men,Apparel,Topwear,Tshirts,Black,Summer,2012.0,Casual,Puma Men Black T-shirt,data/fashion-dataset/images\53804.jpg
14727,Men,Apparel,Topwear,Tshirts,Blue,Fall,2011.0,Casual,Ed Hardy Men Tiger Print Blue Tshirts,data/fashion-dataset/images\14727.jpg
16913,Men,Apparel,Topwear,Tshirts,Charcoal,Fall,2011.0,Casual,Mr. Men Men Printed Grey Tshirt,data/fashion-dataset/images\16913.jpg
10374,Women,Apparel,Topwear,Tshirts,Green,Fall,2011.0,Casual,United Colors of Benetton Women Solid Green T-shirt,data/fashion-dataset/images\10374.jpg
15190,Men,Apparel,Topwear,Tshirts,Navy Blue,Fall,2011.0,Casual,Arrow Sport Men Solid Navy Blue Polo Tshirts,data/fashion-dataset/images\15190.jpg
36001,Boys,Apparel,Topwear,Tshirts,Orange,Summer,2012.0,Casual,Ben 10 Boys Crew Orange T-shirt,data/fashion-dataset/images\36001.jpg
17497,Men,Apparel,Topwear,Tshirts,Grey,Fall,2011.0,Casual,Classic Polo Men Stripes Grey Polo T-Shirt,data/fashion-dataset/images\17497.jpg
8275,Men,Apparel,Topwear,Tshirts,Blue,Fall,2011.0,Casual,Mr.Men Men's Coral Red T-shirt,data/fashion-dataset/images\8275.jpg
3713,Men,Apparel,Topwear,Tshirts,Green,Summer,2011.0,Casual,Lee Men Green Polo T-shirt,data/fashion-dataset/images\3713.jpg
2243,Men,Apparel,Topwear,Tshirts,White,Fall,2010.0,Sports,ADIDAS Men Stripe Polo White Polo T-shirt,data/fashion-dataset/images\2243.jpg
16191,Men,Apparel,Topwear,Tshirts,White,Fall,2011.0,Casual,Puma Men Graphic White TShirt,data/fashion-dataset/images\16191.jpg
7450,Men,Apparel,Topwear,Tshirts,Cream,Summer,2011.0,Casual,Proline Men Cream Striped Polo T-shirt,data/fashion-dataset/images\7450.jpg
46385,Men,Apparel,Topwear,Tshirts,Green,Summer,2012.0,Casual,ADIDAS Men Green Printed T-shirt,data/fashion-dataset/images\46385.jpg
8290,Men,Apparel,Topwear,Tshirts,Navy Blue,Fall,2011.0,Casual,Mr.Men Men's Navy Melange T-shirt,data/fashion-dataset/images\8290.jpg
14101,Men,Apparel,Topwear,Tshirts,White,Fall,2011.0,Casual,Flying Machine Men Printed White Tshirts,data/fashion-dataset/images\14101.jpg
11008,Women,Apparel,Topwear,Tshirts,Cream,Fall,2011.0,Casual,Inkfruit Women Behind Cream Tshirts,data/fashion-dataset/images\11008.jpg
3845,Men,Apparel,Topwear,Tshirts,Brown,Summer,2011.0,Casual,Wrangler Men's Wild Horse Brown T-shirt,data/fashion-dataset/images\3845.jpg
3364,Men,Apparel,Topwear,Tshirts,Blue,Summer,2011.0,Casual,Myntra Men's Brain Blue T-shirt,data/fashion-dataset/images\3364.jpg
8207,Men,Apparel,Topwear,Tshirts,Red,Summer,2011.0,Casual,Locomotive Men Solid Langworth Red T-Shirts,data/fashion-dataset/images\8207.jpg
2680,Men,Apparel,Topwear,Tshirts,Blue,Summer,2011.0,Casual,Inkfruit Men's Indian Rule Blue T-shirt,data/fashion-dataset/images\2680.jpg
4192,Boys,Apparel,Topwear,Tshirts,Green,Summer,2011.0,Casual,Disney Kids Boy's Green Naughty Donald Kidswear,data/fashion-dataset/images\4192.jpg
12847,Boys,Apparel,Topwear,Tshirts,Black,Fall,2011.0,Casual,Ant Kids Boys National Champion Black Tshirts,data/fashion-dataset/images\12847.jpg
7847,Men,Apparel,Topwear,Tshirts,Black,Fall,2011.0,Casual,Proline Men Black Round Neck T-shirt,data/fashion-dataset/images\7847.jpg
30144,Women,Apparel,Topwear,Tshirts,Black,Summer,2012.0,Casual,Flying Machine Women Printed Black T-shirt,data/fashion-dataset/images\30144.jpg
3788,Men,Apparel,Topwear,Tshirts,White,Summer,2011.0,Casual,Basics Men White & Blue Striped Polo T-shirt,data/fashion-dataset/images\3788.jpg
4251,Men,Apparel,Topwear,Tshirts,Green,Summer,2011.0,Casual,Probase Men's Crack Print Ghost Buster Grey T-shirt,data/fashion-dataset/images\4251.jpg
2092,Men,Apparel,Topwear,Tshirts,Blue,Fall,2010.0,Sports,ADIDAS Mens Polo Blue Polo T-shirt,data/fashion-dataset/images\2092.jpg
19612,Women,Apparel,Topwear,Tshirts,Blue,Summer,2011.0,Casual,United Colors of Benetton Women Solid Blue Tshirt,data/fashion-dataset/images\19612.jpg
3120,Men,Apparel,Topwear,Tshirts,Blue,Summer,2011.0,Casual,Probase Men's Freestyler Turquoise T-shirt,data/fashion-dataset/images\3120.jpg
2340,Men,Apparel,Topwear,Tshirts,Purple,Fall,2010.0,Casual,Reebok Men Plum Shiamak Purple T-shirt,data/fashion-dataset/images\2340.jpg
19789,Men,Apparel,Topwear,Tshirts,Orange,Winter,2016.0,Casual,U.S. Polo Assn. Men Solid Orange Tshirt,data/fashion-dataset/images\19789.jpg
2062,Men,Apparel,Topwear,Tshirts,Grey,Winter,2010.0,Casual,Lee Mens  T-shirt,data/fashion-dataset/images\2062.jpg
5506,Women,Apparel,Topwear,Tshirts,Yellow,Summer,2011.0,Casual,Nike Women's Yellow Casual T-shirt,data/fashion-dataset/images\5506.jpg
32971,Men,Apparel,Topwear,Tshirts,Blue,Summer,2012.0,Casual,Angry Birds Men Printed Blue T-shirt,data/fashion-dataset/images\32971.jpg
31236,Men,Apparel,Topwear,Tshirts,White,Summer,2012.0,Casual,Puma Men Graphic White T-shirt,data/fashion-dataset/images\31236.jpg
11024,Women,Apparel,Topwear,Tshirts,Purple,Fall,2011.0,Casual,Wrangler Women Purple T-shirt,data/fashion-dataset/images\11024.jpg
24269,Men,Apparel,Topwear,Tshirts,Grey,Fall,2011.0,Casual,Quiksilver Men Grey Printed T-shirt,data/fashion-dataset/images\24269.jpg
25921,Women,Apparel,Topwear,Tshirts,Green,Summer,2012.0,Casual,Femella Women Lime Green T-shirt,data/fashion-dataset/images\25921.jpg
38637,Men,Apparel,Topwear,Tshirts,Red,Summer,2012.0,Casual,Nike Men Red Delhi T-shirt,data/fashion-dataset/images\38637.jpg
10871,Men,Apparel,Topwear,Tshirts,Grey,Fall,2011.0,Casual,Wrangler Men Dirtcross Grey T-Shirts,data/fashion-dataset/images\10871.jpg
32464,Men,Apparel,Topwear,Tshirts,Black,Summer,2012.0,Casual,ADIDAS Men Graphic Black T-shirt,data/fashion-dataset/images\32464.jpg
3926,Men,Apparel,Topwear,Tshirts,Blue,Summer,2011.0,Casual,Wrangler Men's Wanderer's Dream Sky T-shirt,data/fashion-dataset/images\3926.jpg
19110,Men,Apparel,Topwear,Tshirts,Beige,Winter,2016.0,Casual,Campbell Men Pack of 3 Solid Tshirts,data/fashion-dataset/images\19110.jpg
28928,Men,Apparel,Topwear,Tshirts,Charcoal,Summer,2012.0,Casual,Mr. Men Printed Charcoal T-shirt,data/fashion-dataset/images\28928.jpg
34100,Boys,Apparel,Topwear,Tshirts,Blue,Summer,2012.0,Casual,Doodle Boys Printed Blue T-shirt,data/fashion-dataset/images\34100.jpg
38803,Men,Apparel,Topwear,Tshirts,Blue,Summer,2012.0,Casual,Marvel Men Blue Printed T-shirt,data/fashion-dataset/images\38803.jpg
36737,Women,Apparel,Topwear,Tshirts,Green,Summer,2012.0,Casual,Spykar Women Cult Green T-shirt,data/fashion-dataset/images\36737.jpg
7801,Men,Apparel,Topwear,Tshirts,Navy Blue,Fall,2011.0,Casual,Proline Men Navy Polo T-shirt,data/fashion-dataset/images\7801.jpg
30302,Men,Apparel,Topwear,Tshirts,Off White,Summer,2012.0,Casual,Myntra Men Evil Minds Off White T-shirt,data/fashion-dataset/images\30302.jpg
7837,Men,Apparel,Topwear,Tshirts,Purple,Fall,2011.0,Casual,Proline Men Purple T-shirt,data/fashion-dataset/images\7837.jpg
3519,Men,Apparel,Topwear,Tshirts,White,Summer,2011.0,Casual,Myntra Men's I have Multiple Personalities White T-shirt,data/fashion-dataset/images\3519.jpg
5153,Women,Apparel,Topwear,Tshirts,White,Summer,2011.0,Casual,Wrangler Women's Side Paisley White T-shirt,data/fashion-dataset/images\5153.jpg
58734,Men,Apparel,Topwear,Tshirts,Red,Fall,2012.0,Sports,PUMA Men Red Printed T-shirt,data/fashion-dataset/images\58734.jpg
9778,Men,Apparel,Topwear,Tshirts,White,Fall,2011.0,Casual,ADIDAS Men  White Polo Tshirts,data/fashion-dataset/images\9778.jpg
4042,Unisex,Apparel,Topwear,Tshirts,Blue,Summer,2011.0,Sports,Rajasthan Royals Kids Authentic Replica Cricket Jersey,data/fashion-dataset/images\4042.jpg
14922,Men,Apparel,Topwear,Tshirts,Blue,Fall,2011.0,Casual,Mr. Men Men Sleep Placid Blue Tshirts,data/fashion-dataset/images\14922.jpg
20670,Men,Apparel,Topwear,Tshirts,Turquoise Blue,Fall,2011.0,Casual,Classic Polo Men Striped Turquoise Blue Tshirt,data/fashion-dataset/images\20670.jpg
33206,Women,Apparel,Topwear,Tshirts,Green,Summer,2012.0,Casual,Sepia Women Printed Green T-shirt,data/fashion-dataset/images\33206.jpg
34403,Men,Apparel,Topwear,Tshirts,Black,Summer,2012.0,Casual,Myntra Men Back To The 70s Black T-shirt,data/fashion-dataset/images\34403.jpg
2683,Men,Apparel,Topwear,Tshirts,Red,Summer,2011.0,Casual,Inkfruit Men's Red And Black T-shirt,data/fashion-dataset/images\2683.jpg
53774,Men,Apparel,Topwear,Tshirts,White,Summer,2012.0,Casual,Puma Men White T-shirt,data/fashion-dataset/images\53774.jpg
52148,Women,Apparel,Topwear,Tshirts,Red,Summer,2012.0,Casual,Femella Women Red Polo T-Shirt,data/fashion-dataset/images\52148.jpg
31271,Men,Apparel,Topwear,Tshirts,Red,Summer,2012.0,Casual,Puma Men Calonge Graphic Red T-shirt,data/fashion-dataset/images\31271.jpg
3792,Men,Apparel,Topwear,Tshirts,Navy Blue,Summer,2011.0,Casual,Basics Men Navy & White Striped Polo T-shirt,data/fashion-dataset/images\3792.jpg
9827,Women,Apparel,Topwear,Tshirts,White,Fall,2011.0,Casual,Little Miss Women Printed White T-shirt,data/fashion-dataset/images\9827.jpg
17266,Men,Apparel,Topwear,Tshirts,Green,Fall,2011.0,Casual,U.S. Polo Assn. Men Stripes Green  polo Tshirt,data/fashion-dataset/images\17266.jpg
5100,Men,Apparel,Topwear,Tshirts,Yellow,Summer,2011.0,Casual,Wrangler Men's Cowboy Color Yellow T-shirt,data/fashion-dataset/images\5100.jpg
28550,Men,Apparel,Topwear,Tshirts,Black,Summer,2012.0,Casual,Nike Men Club Pique Polo Black T-shirt,data/fashion-dataset/images\28550.jpg
33310,Men,Apparel,Topwear,Tshirts,White,Summer,2012.0,Casual,Jack & Jones Men White & Green Polo T-shirt,data/fashion-dataset/images\33310.jpg
10377,Men,Apparel,Topwear,Tshirts,White,Fall,2011.0,Casual,United Colors of Benetton Men Printed White Tshirts,data/fashion-dataset/images\10377.jpg
11992,Men,Apparel,Topwear,Tshirts,Green,Fall,2011.0,Casual,Classic Polo Men Stripes Green Tshirts,data/fashion-dataset/images\11992.jpg
7954,Men,Apparel,Topwear,Tshirts,Blue,Fall,2011.0,Sports,Puma Men's Knit Polo Mazarine Blue Polo T-shirt,data/fashion-dataset/images\7954.jpg
10499,Women,Apparel,Topwear,Tshirts,Yellow,Fall,2011.0,Casual,Flying Machine Women Aspen Yellow Tshirts,data/fashion-dataset/images\10499.jpg
22631,Women,Apparel,Topwear,Tshirts,Pink,Fall,2011.0,Sports,Nike Women Printed Pink T-shirt,data/fashion-dataset/images\22631.jpg
7447,Men,Apparel,Topwear,Tshirts,Orange,Summer,2011.0,Casual,Proline Men Orange Polo T-shirt,data/fashion-dataset/images\7447.jpg
23179,Men,Apparel,Topwear,Tshirts,Yellow,Fall,2011.0,Casual,Mark Taylor Men Yellow Printed T-shirt,data/fashion-dataset/images\23179.jpg
17613,Boys,Apparel,Topwear,Tshirts,Red,Fall,2011.0,Casual,Doodle Boys Catch Me Red Tshirt,data/fashion-dataset/images\17613.jpg
31273,Men,Apparel,Topwear,Tshirts,Green,Summer,2012.0,Casual,Puma Men Calonge Graphic Green T-shirt,data/fashion-dataset/images\31273.jpg
43085,Women,Apparel,Topwear,Tshirts,Yellow,Summer,2012.0,Sports,Nike Women Yellow Polo Neck T-shirt,data/fashion-dataset/images\43085.jpg
11406,Men,Apparel,Topwear,Tshirts,Blue,Fall,2011.0,Casual,United Colors Of Benetton Men Light Winter Blue T-Shirts,data/fashion-dataset/images\11406.jpg
5097,Men,Apparel,Topwear,Tshirts,White,Summer,2011.0,Casual,Wrangler Men's Hand Of Quality White T-shirt,data/fashion-dataset/images\5097.jpg
38586,Women,Apparel,Topwear,Tshirts,Pink,Summer,2012.0,Casual,Nike Women Pink Crew T-shirt,data/fashion-dataset/images\38586.jpg
48257,Boys,Apparel,Topwear,Tshirts,Red,Summer,2012.0,Casual,The Amazing Spiderman Boys Red T-shirt,data/fashion-dataset/images\48257.jpg
3529,Men,Apparel,Topwear,Tshirts,Navy Blue,Summer,2011.0,Casual,Myntra Men's Ear Plugs Navy Blue T-shirt,data/fashion-dataset/images\3529.jpg
3073,Women,Apparel,Topwear,Tshirts,Tan,Summer,2011.0,Casual,Tantra Women's Cut Crap Chocolate T-shirt,data/fashion-dataset/images\3073.jpg
6572,Men,Apparel,Topwear,Tshirts,Black,Summer,2011.0,Sports,Nike Men's Challenger Logo Black T-shirt,data/fashion-dataset/images\6572.jpg
10822,Men,Apparel,Topwear,Tshirts,Navy Blue,Fall,2011.0,Casual,Wrangler Men Navy Blue Polo Tshirts,data/fashion-dataset/images\10822.jpg
9984,Men,Apparel,Topwear,Tshirts,Green,Fall,2011.0,Sports,Nike Men As Value Runn Green T-Shirts,data/fashion-dataset/images\9984.jpg
1814,Men,Apparel,Topwear,Tshirts,Brown,Fall,2010.0,Sports,Solognac Men Chocolate Brown  T-shirt,data/fashion-dataset/images\1814.jpg
22611,Men,Apparel,Topwear,Tshirts,Green,Fall,2011.0,Sports,Nike Men Green Jersey,data/fashion-dataset/images\22611.jpg
4203,Boys,Apparel,Topwear,Tshirts,Blue,Summer,2011.0,Casual,Disney Kids Boy's Blue Regatta Annual Competition Kidswear,data/fashion-dataset/images\4203.jpg
37272,Men,Apparel,Topwear,Tshirts,Black,Summer,2012.0,Casual,Tantra Men Black Angry Anna T-shirt,data/fashion-dataset/images\37272.jpg
3729,Unisex,Apparel,Topwear,Tshirts,Blue,Summer,2011.0,Sports,Mumbai Indians Kids Match Jersey,data/fashion-dataset/images\3729.jpg
9556,Men,Apparel,Topwear,Tshirts,Black,Fall,2011.0,Sports,Nike Men Asem Cricket Swoosh Black T-Shirts,data/fashion-dataset/images\9556.jpg
26471,Men,Apparel,Topwear,Tshirts,Navy Blue,Summer,2012.0,Casual,Puma Men Classic Graphic  Navy Blue T-shirt,data/fashion-dataset/images\26471.jpg
17513,Men,Apparel,Topwear,Tshirts,Black,Fall,2011.0,Casual,Classic Polo Men Stripes Black Polo T-Shirt,data/fashion-dataset/images\17513.jpg
3778,Men,Apparel,Topwear,Tshirts,Green,Summer,2011.0,Casual,Status Quo Men's Green Polo T-shirt,data/fashion-dataset/images\3778.jpg
3706,Men,Apparel,Topwear,Tshirts,Grey,Summer,2011.0,Casual,Classic Polo Men's Grey Red & Brown Stripe T-shirt,data/fashion-dataset/images\3706.jpg
39067,Men,Apparel,Topwear,Tshirts,Green,Summer,2012.0,Casual,Arrow Sport Men Green T-shirt,data/fashion-dataset/images\39067.jpg
54940,Women,Apparel,Topwear,Tshirts,Burgundy,Summer,2012.0,Casual,Do u speak green Women Burgundy T-shirt,data/fashion-dataset/images\54940.jpg
7784,Men,Apparel,Topwear,Tshirts,Black,Fall,2011.0,Casual,Proline Men Black Polo T-shirt,data/fashion-dataset/images\7784.jpg
3520,Men,Apparel,Topwear,Tshirts,Black,Summer,2011.0,Casual,Myntra Men's Reaching The Moon Black T-shirt,data/fashion-dataset/images\3520.jpg
12803,Women,Apparel,Topwear,Tshirts,Pink,Fall,2011.0,Casual,Nike Women Polka Dot Grafitti Pink T-shirt,data/fashion-dataset/images\12803.jpg
18631,Men,Apparel,Topwear,Tshirts,Navy Blue,Fall,2011.0,Casual,Puma Men GP Speed Navy Blue Tshirts,data/fashion-dataset/images\18631.jpg
2047,Men,Apparel,Topwear,Tshirts,Navy Blue,Fall,2010.0,Sports,ADIDAS Men's Navy Blue T-shirt,data/fashion-dataset/images\2047.jpg
4208,Boys,Apparel,Topwear,Tshirts,Red,Summer,2011.0,Casual,Disney Kids Boy's Red Geo Team Kidswear,data/fashion-dataset/images\4208.jpg
3044,Men,Apparel,Topwear,Tshirts,Blue,Summer,2011.0,Casual,Tantra Men's Freddie Blue T-shirt,data/fashion-dataset/images\3044.jpg
4190,Boys,Apparel,Topwear,Tshirts,Yellow,Summer,2011.0,Casual,Disney Kids Boy's Yellow Little Friends Kidswear,data/fashion-dataset/images\4190.jpg
10690,Men,Apparel,Topwear,Tshirts,Yellow,Fall,2011.0,Casual,Doodle Boy Mummy daddy me Yellow Tshirts,data/fashion-dataset/images\10690.jpg
2041,Men,Apparel,Topwear,Tshirts,Grey,Fall,2010.0,Sports,ADIDAS Mens Fire Grey T-shirt,data/fashion-dataset/images\2041.jpg
26715,Men,Apparel,Topwear,Tshirts,Blue,Summer,2012.0,Casual,Puma Men Large Logo Blue T-shirt,data/fashion-dataset/images\26715.jpg
42175,Men,Apparel,Topwear,Tshirts,White,Summer,2017.0,Casual,Status Quo Men White T-shirt,data/fashion-dataset/images\42175.jpg
6996,Men,Apparel,Topwear,Tshirts,Brown,Spring,2011.0,Casual,Classic Polo Men's State Athletic Brown T-shirt,data/fashion-dataset/images\6996.jpg
15200,Men,Apparel,Topwear,Tshirts,Yellow,Fall,2011.0,Casual,Arrow Sport Men Stripes Yellow Polo Tshirts,data/fashion-dataset/images\15200.jpg
4864,Men,Apparel,Topwear,Tshirts,White,Summer,2011.0,Sports,ADIDAS Men Real Madrid White Jersey,data/fashion-dataset/images\4864.jpg
40138,Boys,Apparel,Topwear,Tshirts,Yellow,Summer,2012.0,Casual,Gini and Jony Boys Under The Sun Yellow T-shirt,data/fashion-dataset/images\40138.jpg
4843,Women,Apparel,Topwear,Tshirts,Black,Summer,2011.0,Sports,Sher Singh Women's Black Polo T-shirt,data/fashion-dataset/images\4843.jpg
22796,Men,Apparel,Topwear,Tshirts,Green,Fall,2011.0,Casual,Manchester United Men Green Tshirt,data/fashion-dataset/images\22796.jpg
33955,Men,Apparel,Topwear,Tshirts,White,Summer,2012.0,Casual,ADIDAS Men Polo White T-shirt,data/fashion-dataset/images\33955.jpg
3285,Men,Apparel,Topwear,Tshirts,Yellow,Summer,2011.0,Casual,Guerrilla Men's Move It Move On Green T-shirt,data/fashion-dataset/images\3285.jpg
43498,Men,Apparel,Topwear,Tshirts,Grey Melange,Summer,2012.0,Casual,French Connection Men Grey Melange T-shirt,data/fashion-dataset/images\43498.jpg
12629,Men,Apparel,Topwear,Tshirts,Red,Fall,2011.0,Casual,Probase Men Printed Red Tshirts,data/fashion-dataset/images\12629.jpg
4313,Unisex,Apparel,Topwear,Tshirts,Pink,Summer,2011.0,Casual,Tantra Kid's Unisex Elephant Pink Kidswear,data/fashion-dataset/images\4313.jpg
18226,Men,Apparel,Topwear,Tshirts,Grey,Fall,2011.0,Casual,Manchester United Men Printed Grey Tshirt,data/fashion-dataset/images\18226.jpg
37984,Men,Apparel,Topwear,Tshirts,Black,Summer,2012.0,Casual,Classic Polo Men Black & White T-Shirt,data/fashion-dataset/images\37984.jpg
7441,Men,Apparel,Topwear,Tshirts,Grey,Summer,2011.0,Casual,Proline Men Grey Striped T-shirt,data/fashion-dataset/images\7441.jpg
26263,Men,Apparel,Topwear,Tshirts,Blue,Summer,2013.0,Casual,Proline Men Blue Polo T-Shirt,data/fashion-dataset/images\26263.jpg
49962,Men,Apparel,Topwear,Tshirts,White,Summer,2016.0,Casual,Hanes Men White Pack of 3 T-shirts,data/fashion-dataset/images\49962.jpg
15475,Men,Apparel,Topwear,Tshirts,Blue,Fall,2011.0,Casual,Puma Men Logo Blue Tshirts,data/fashion-dataset/images\15475.jpg
43503,Men,Apparel,Topwear,Tshirts,Green,Summer,2012.0,Casual,French Connection Men Green T-shirt,data/fashion-dataset/images\43503.jpg
15000,Men,Apparel,Topwear,Tshirts,White,Fall,2011.0,Sports,ADIDAS Men Solid White Tshirts,data/fashion-dataset/images\15000.jpg
16320,Men,Apparel,Topwear,Tshirts,Green,Fall,2011.0,Casual,Peter England Men Printed Green TShirt,data/fashion-dataset/images\16320.jpg
2343,Men,Apparel,Topwear,Tshirts,Green,Fall,2010.0,Casual,Reebok Men Basil Green & Blue Polo T-shirt,data/fashion-dataset/images\2343.jpg
44813,Women,Apparel,Topwear,Tshirts,Navy Blue,Summer,2012.0,Casual,Spykar Women Navy Blue T-Shirt,data/fashion-dataset/images\44813.jpg
7127,Men,Apparel,Topwear,Tshirts,Orange,Fall,2011.0,Casual,Urban Yoga Men's Orange T-shirt,data/fashion-dataset/images\7127.jpg
5884,Women,Apparel,Topwear,Tshirts,Black,Summer,2011.0,Casual,Puma Women Classic Black Top,data/fashion-dataset/images\5884.jpg
22367,Men,Apparel,Topwear,Tshirts,Red,Fall,2011.0,Casual,Ed Hardy Men Vintage  Brick Red T-Shirt,data/fashion-dataset/images\22367.jpg
18847,Men,Apparel,Topwear,Tshirts,White,Fall,2011.0,Casual,Puma Men College  Athletic White  Tshirt,data/fashion-dataset/images\18847.jpg
2984,Men,Apparel,Topwear,Tshirts,Red,Fall,2010.0,Casual,Puma Men's Power Cat Graphic Red T-shirt,data/fashion-dataset/images\2984.jpg
11997,Men,Apparel,Topwear,Tshirts,Green,Fall,2011.0,Casual,Classic Polo Men Stripes Green Tshirts,data/fashion-dataset/images\11997.jpg
44883,Men,Apparel,Topwear,Tshirts,Grey,Summer,2012.0,Casual,Puma Men Grey Striped Polo T-shirt,data/fashion-dataset/images\44883.jpg
27392,Men,Apparel,Topwear,Tshirts,White,Summer,2016.0,Casual,2go Active Gear USA Men Pack Of 3 T-shirt,data/fashion-dataset/images\27392.jpg
19400,Men,Apparel,Topwear,Tshirts,Navy Blue,Summer,2011.0,Casual,ADIDAS Men Navy Blue T-shirt,data/fashion-dataset/images\19400.jpg
2154,Men,Apparel,Topwear,Tshirts,White,Spring,2011.0,Casual,Basics Men Red & Grey Polo T-shirt,data/fashion-dataset/images\2154.jpg
3263,Men,Apparel,Topwear,Tshirts,Yellow,Summer,2011.0,Casual,Guerrilla Men's Need Money Yellow T-shirt,data/fashion-dataset/images\3263.jpg
34041,Boys,Apparel,Topwear,Shirts,Red,Summer,2012.0,Casual,Gini and Jony Boys Check Red Shirt,data/fashion-dataset/images\34041.jpg
33249,Men,Apparel,Topwear,Shirts,White,Summer,2012.0,Formal,Arrow Men Blue Striped Shirt,data/fashion-dataset/images\33249.jpg
12180,Men,Apparel,Topwear,Shirts,White,Fall,2011.0,Casual,Basics Men White Slim Fit Checked Shirt,data/fashion-dataset/images\12180.jpg
7053,Men,Apparel,Topwear,Shirts,Blue,Summer,2011.0,Casual,s.Oliver Men Striped Dark Blue Shirt,data/fashion-dataset/images\7053.jpg
12003,Men,Apparel,Topwear,Shirts,Grey,Fall,2011.0,Formal,Mark Taylor Men Grey Striped Shirt,data/fashion-dataset/images\12003.jpg
9256,Men,Apparel,Topwear,Shirts,Blue,Fall,2011.0,Formal,Mark Taylor Men Blue Striped Shirt,data/fashion-dataset/images\9256.jpg
11672,Men,Apparel,Topwear,Shirts,Yellow,Fall,2011.0,Casual,Lee Men Check Yellow Shirts,data/fashion-dataset/images\11672.jpg
12005,Men,Apparel,Topwear,Shirts,Green,Fall,2011.0,Formal,Mark Taylor Men Green Striped Shirt,data/fashion-dataset/images\12005.jpg
43629,Women,Apparel,Topwear,Shirts,Black,Summer,2012.0,Casual,Vero Moda Women Black Shirt,data/fashion-dataset/images\43629.jpg
8889,Men,Apparel,Topwear,Shirts,Black,Fall,2011.0,Formal,John Miller Men Black Shirt,data/fashion-dataset/images\8889.jpg
17714,Men,Apparel,Topwear,Shirts,Red,Fall,2011.0,Casual,Reid & Taylor Men Check Red Shirt,data/fashion-dataset/images\17714.jpg
26376,Men,Apparel,Topwear,Shirts,Blue,Summer,2012.0,Formal,Turtle Men Blue Shirt,data/fashion-dataset/images\26376.jpg
24068,Men,Apparel,Topwear,Shirts,Grey,Fall,2011.0,Casual,Locomotive Men Check Grey Shirt,data/fashion-dataset/images\24068.jpg
16042,Men,Apparel,Topwear,Shirts,Red,Fall,2011.0,Casual,Highlander Men Check Red Shirt,data/fashion-dataset/images\16042.jpg
7140,Women,Apparel,Topwear,Shirts,Blue,Fall,2011.0,Casual,Scullers For Her Women Light Work Blue Check Shirts,data/fashion-dataset/images\7140.jpg
9667,Men,Apparel,Topwear,Shirts,Purple,Fall,2011.0,Casual,Indigo Nation Men Bling Red Black Shirts,data/fashion-dataset/images\9667.jpg
26057,Men,Apparel,Topwear,Shirts,Purple,Summer,2012.0,Formal,John Miller Men Check Purple Shirt,data/fashion-dataset/images\26057.jpg
30798,Men,Apparel,Topwear,Shirts,Beige,Summer,2012.0,Ethnic,Fabindia Men Beige Shirt,data/fashion-dataset/images\30798.jpg
17179,Men,Apparel,Topwear,Shirts,White,Winter,2016.0,Casual,U.S. Polo Assn. Men Solid White Shirt,data/fashion-dataset/images\17179.jpg
31099,Boys,Apparel,Topwear,Shirts,Blue,Summer,2012.0,Casual,Gini and Jony Boys Check Blue Shirt,data/fashion-dataset/images\31099.jpg
16452,Men,Apparel,Topwear,Shirts,Red,Fall,2011.0,Casual,Locomotive Men Check Red Shirt,data/fashion-dataset/images\16452.jpg
14775,Men,Apparel,Topwear,Shirts,Blue,Fall,2013.0,Formal,Arrow Men Blue Striped Shirt,data/fashion-dataset/images\14775.jpg
20153,Men,Apparel,Topwear,Shirts,Blue,Fall,2011.0,Casual,Wrangler Men Taylor Block Check Blue Shirt,data/fashion-dataset/images\20153.jpg
11426,Men,Apparel,Topwear,Shirts,Blue,Fall,2011.0,Casual,United Colors of Benetton Men Light Blue Shirts,data/fashion-dataset/images\11426.jpg
6611,Men,Apparel,Topwear,Shirts,Navy Blue,Summer,2011.0,Casual,Spykar Men Stripes Navy Blue Shirt,data/fashion-dataset/images\6611.jpg
16034,Men,Apparel,Topwear,Shirts,White,Fall,2011.0,Casual,Highlander Men Stripes White Shirt,data/fashion-dataset/images\16034.jpg
42598,Men,Apparel,Topwear,Shirts,Blue,Summer,2012.0,Casual,United Colors of Benetton Men Blue Shirt,data/fashion-dataset/images\42598.jpg
41393,Men,Apparel,Topwear,Shirts,Purple,Summer,2012.0,Casual,Wrangler Men Purple Shirt,data/fashion-dataset/images\41393.jpg
9611,Men,Apparel,Topwear,Shirts,White,Fall,2011.0,Formal,Indigo Nation Men Price catch Green White Shirts,data/fashion-dataset/images\9611.jpg
8190,Men,Apparel,Topwear,Shirts,Black,Summer,2011.0,Casual,Locomotive Men Solid Poplin Lakota Black Shirts,data/fashion-dataset/images\8190.jpg
31643,Men,Apparel,Topwear,Shirts,Purple,Summer,2012.0,Casual,Indigo Nation Men Purple Shirt,data/fashion-dataset/images\31643.jpg
24561,Men,Apparel,Topwear,Shirts,Blue,Summer,2012.0,Casual,Lee Men Smithon Blue Shirt,data/fashion-dataset/images\24561.jpg
15693,Men,Apparel,Topwear,Shirts,Blue,Fall,2011.0,Formal,Black coffee Men Micheal Blue Slim Fit Shirt,data/fashion-dataset/images\15693.jpg
9481,Men,Apparel,Topwear,Shirts,Black,Fall,2011.0,Formal,John Miller Men Black white small check Shirts,data/fashion-dataset/images\9481.jpg
51430,Men,Apparel,Topwear,Shirts,White,Summer,2012.0,Casual,Myntra Men Navy Blue & Orange Check Shirt,data/fashion-dataset/images\51430.jpg
31677,Men,Apparel,Topwear,Shirts,White,Summer,2012.0,Casual,Spykar Men Check White Shirt,data/fashion-dataset/images\31677.jpg
41605,Men,Apparel,Topwear,Shirts,Grey,Fall,2012.0,Casual,Basics Men Grey Shirt,data/fashion-dataset/images\41605.jpg
12241,Men,Apparel,Topwear,Shirts,White,Fall,2011.0,Formal,Genesis Men Stripes White Shirts,data/fashion-dataset/images\12241.jpg
29277,Women,Apparel,Topwear,Shirts,Blue,Summer,2012.0,Casual,Wrangler Women Salena Blue Shirt,data/fashion-dataset/images\29277.jpg
22575,Men,Apparel,Topwear,Shirts,Red,Summer,2011.0,Casual,Highlander Men Check Red Shirt,data/fashion-dataset/images\22575.jpg
43037,Men,Apparel,Topwear,Shirts,Green,Summer,2012.0,Casual,Scullers Men Green & Navy Blue Shirt,data/fashion-dataset/images\43037.jpg
7167,Men,Apparel,Topwear,Shirts,Purple,Fall,2011.0,Casual,Scullers Men Scul Purple White Shirt,data/fashion-dataset/images\7167.jpg
26367,Women,Apparel,Topwear,Shirts,Lavender,Summer,2012.0,,Arrow Woman Lavender Shirt,data/fashion-dataset/images\26367.jpg
12371,Men,Apparel,Topwear,Shirts,Grey,Fall,2011.0,Formal,Reid & Taylor Men Check Grey Shirts,data/fashion-dataset/images\12371.jpg
31046,Men,Apparel,Topwear,Shirts,Yellow,Summer,2012.0,Casual,Arrow Sport Men Check Yellow Shirt,data/fashion-dataset/images\31046.jpg
25537,Men,Apparel,Topwear,Shirts,Brown,Summer,2012.0,Casual,Wrangler Men Glamorgan Brown Shirt,data/fashion-dataset/images\25537.jpg
37141,Men,Apparel,Topwear,Shirts,Grey,Summer,2012.0,Casual,Wills Lifestyle Men Stripes Grey Shirt,data/fashion-dataset/images\37141.jpg
31611,Men,Apparel,Topwear,Shirts,Blue,Summer,2012.0,Formal,Indigo Nation Men Striped Blue Shirt,data/fashion-dataset/images\31611.jpg
31050,Men,Apparel,Topwear,Shirts,Navy Blue,Summer,2012.0,Casual,Arrow Sport Men Check Navy Blue Shirt,data/fashion-dataset/images\31050.jpg
7168,Men,Apparel,Topwear,Shirts,Blue,Fall,2011.0,Casual,Scullers Men Scul Blue White Shirt,data/fashion-dataset/images\7168.jpg
56816,Men,Apparel,Topwear,Shirts,White,Summer,2012.0,Casual,John Players Men Blue Shirt,data/fashion-dataset/images\56816.jpg
19699,Men,Apparel,Topwear,Shirts,White,Fall,2011.0,Casual,United Colors of Benetton Men White Shirt,data/fashion-dataset/images\19699.jpg
8789,Men,Apparel,Topwear,Shirts,White,Fall,2011.0,Formal,Indigo Nation Men Price catch Blue White Shirts,data/fashion-dataset/images\8789.jpg
12311,Men,Apparel,Topwear,Shirts,Blue,Fall,2011.0,Formal,Genesis Men Blue Shirt,data/fashion-dataset/images\12311.jpg
27868,Women,Apparel,Topwear,Shirts,White,Fall,2012.0,Smart Casual,Scullers For Her Women White Striped Shirt,data/fashion-dataset/images\27868.jpg
9455,Men,Apparel,Topwear,Shirts,Red,Fall,2011.0,Formal,John Miller Men Red Striped Shirt,data/fashion-dataset/images\9455.jpg
35440,Boys,Apparel,Topwear,Shirts,Black,Summer,2012.0,Casual,Doodle Boys Check Black Shirt,data/fashion-dataset/images\35440.jpg
53211,Men,Apparel,Topwear,Shirts,Blue,Summer,2012.0,Formal,Mark Taylor Men Blue Shirt,data/fashion-dataset/images\53211.jpg
41588,Men,Apparel,Topwear,Shirts,Blue,Summer,2012.0,Casual,Basics Men Blue Shirt,data/fashion-dataset/images\41588.jpg
10186,Men,Apparel,Topwear,Shirts,Black,Fall,2011.0,Casual,Indigo Nation Men Black & Blue Stripe Shirt,data/fashion-dataset/images\10186.jpg
9454,Men,Apparel,Topwear,Shirts,White,Fall,2011.0,Formal,John Miller Men White Check Shirt,data/fashion-dataset/images\9454.jpg
18881,Women,Apparel,Topwear,Shirts,White,Fall,2011.0,Casual,Arrow Woman Lana White Shirt,data/fashion-dataset/images\18881.jpg
15967,Men,Apparel,Topwear,Shirts,Red,Fall,2011.0,Casual,Turtle Check Men Red Shirt,data/fashion-dataset/images\15967.jpg
20154,Men,Apparel,Topwear,Shirts,Navy Blue,Fall,2011.0,Casual,Wrangler Men Tylor Navy Blue Shirt,data/fashion-dataset/images\20154.jpg
17549,Men,Apparel,Topwear,Shirts,Grey,Fall,2011.0,Formal,Mark Taylor Men Grey & White Striped Shirt,data/fashion-dataset/images\17549.jpg
12183,Men,Apparel,Topwear,Shirts,White,Fall,2011.0,Casual,Basics Men White Slim Fit Checked Shirt,data/fashion-dataset/images\12183.jpg
31147,Boys,Apparel,Topwear,Shirts,Blue,Summer,2012.0,Casual,Gini and Jony Boys Check Blue Shirt,data/fashion-dataset/images\31147.jpg
23186,Men,Apparel,Topwear,Shirts,Black,Fall,2011.0,Formal,Black Coffee Men Grey and Black Shirt,data/fashion-dataset/images\23186.jpg
9420,Men,Apparel,Topwear,Shirts,Maroon,Fall,2011.0,Formal,John Miller Men Maroon grey Stripe Maroon Shirts,data/fashion-dataset/images\9420.jpg
26050,Men,Apparel,Topwear,Shirts,Blue,Summer,2012.0,Formal,John Miller Men Striped Blue Shirt,data/fashion-dataset/images\26050.jpg
13487,Men,Apparel,Topwear,Shirts,Blue,Fall,2011.0,Casual,Spykar Men Stripes Blue Shirts,data/fashion-dataset/images\13487.jpg
6779,Men,Apparel,Topwear,Shirts,Olive,Summer,2011.0,Casual,Timberland Men Claremont Popl Olive Shirt,data/fashion-dataset/images\6779.jpg
9480,Men,Apparel,Topwear,Shirts,Green,Fall,2011.0,Formal,John Miller Men Green white check Purple Shirts,data/fashion-dataset/images\9480.jpg
43304,Women,Apparel,Topwear,Shirts,White,Summer,2012.0,Casual,United Colors of Benetton Women White Shirt,data/fashion-dataset/images\43304.jpg
16327,Men,Apparel,Topwear,Shirts,White,Fall,2011.0,Casual,Peter England Men Solid White Shirt,data/fashion-dataset/images\16327.jpg
8737,Men,Apparel,Topwear,Shirts,White,Fall,2011.0,Casual,Indigo Nation Men Checks Shirt Purple Shirts,data/fashion-dataset/images\8737.jpg
38823,Women,Apparel,Topwear,Shirts,Navy Blue,Fall,2012.0,Casual,Latin Quarters Women Navy Blue Shirt,data/fashion-dataset/images\38823.jpg
33057,Men,Apparel,Topwear,Shirts,Black,Summer,2012.0,Casual,U.S. Polo Assn. Denim Co. Men Black Shirt,data/fashion-dataset/images\33057.jpg
51404,Men,Apparel,Topwear,Shirts,Blue,Summer,2012.0,Casual,Myntra Men Blue Shirt,data/fashion-dataset/images\51404.jpg
14053,Men,Apparel,Topwear,Shirts,Blue,Fall,2011.0,Casual,Flying Machine Men Check  Blue Shirts,data/fashion-dataset/images\14053.jpg
31620,Men,Apparel,Topwear,Shirts,Grey,Summer,2012.0,Formal,Indigo Nation Men Grey Shirt,data/fashion-dataset/images\31620.jpg
13327,Men,Apparel,Topwear,Shirts,Green,Fall,2011.0,Casual,Gini and Jony Kids Boys Printed Green Tshirts,data/fashion-dataset/images\13327.jpg
41665,Men,Apparel,Topwear,Shirts,Brown,Summer,2012.0,Formal,Mark Taylor Men Brown Striped Shirt,data/fashion-dataset/images\41665.jpg
23196,Men,Apparel,Topwear,Shirts,Green,Fall,2011.0,Casual,Highlander Men Green Check Shirt,data/fashion-dataset/images\23196.jpg
19465,Men,Apparel,Topwear,Shirts,Navy Blue,Fall,2011.0,Casual,Quiksilver Men Navy Blue Check Shirt,data/fashion-dataset/images\19465.jpg
8759,Men,Apparel,Topwear,Shirts,Red,Fall,2011.0,Casual,Indigo Nation Men Checks Shirt Red Shirts,data/fashion-dataset/images\8759.jpg
11058,Men,Apparel,Topwear,Shirts,Purple,Fall,2011.0,Casual,Scullers Men Check Purple Shirts,data/fashion-dataset/images\11058.jpg
22385,Men,Apparel,Topwear,Shirts,White,Fall,2011.0,Casual,Mark Taylor Men Solid White Shirt,data/fashion-dataset/images\22385.jpg
46393,Men,Apparel,Topwear,Shirts,Olive,Summer,2012.0,Casual,ADIDAS Men Olive Shirt,data/fashion-dataset/images\46393.jpg
12357,Men,Apparel,Topwear,Shirts,Blue,Fall,2011.0,Formal,Reid & Taylor Men Check Blue Shirts,data/fashion-dataset/images\12357.jpg
9612,Men,Apparel,Topwear,Shirts,Yellow,Fall,2011.0,Casual,Indigo Nation Men Stripes Yellow Shirt,data/fashion-dataset/images\9612.jpg
24858,Men,Apparel,Topwear,Shirts,White,Summer,2011.0,Formal,Mark Taylor Men White Striped Shirt,data/fashion-dataset/images\24858.jpg
31101,Boys,Apparel,Topwear,Shirts,Black,Summer,2012.0,Casual,Gini and Jony Boys Check Black Shirt,data/fashion-dataset/images\31101.jpg
33493,Men,Apparel,Topwear,Shirts,Blue,Summer,2012.0,Casual,Doodle Kids Boy Check Blue Shirt,data/fashion-dataset/images\33493.jpg
17164,Men,Apparel,Topwear,Shirts,Blue,Fall,2011.0,Casual,U.S. Polo Assn. Men Checks Blue Shirt,data/fashion-dataset/images\17164.jpg
5974,Men,Apparel,Topwear,Shirts,Green,Summer,2011.0,Casual,Locomotive Men Green Black White Checked Shirt,data/fashion-dataset/images\5974.jpg
51401,Men,Apparel,Topwear,Shirts,Blue,Summer,2012.0,Casual,Myntra Men Blue and Yellow Check Shirt,data/fashion-dataset/images\51401.jpg
37143,Men,Apparel,Topwear,Shirts,Blue,Summer,2012.0,Casual,Wills Lifestyle Men Blue Gingham Shirt,data/fashion-dataset/images\37143.jpg
58800,Men,Apparel,Topwear,Shirts,Navy Blue,Fall,2012.0,Casual,Highlander Men Blue Check Shirt,data/fashion-dataset/images\58800.jpg
9659,Men,Apparel,Topwear,Shirts,Blue,Fall,2011.0,Casual,Indigo Nation Men Reversible Bling Blue Shirts,data/fashion-dataset/images\9659.jpg
18756,Women,Apparel,Topwear,Shirts,Blue,Fall,2011.0,Casual,Arrow Woman Kiro Blue Shirt,data/fashion-dataset/images\18756.jpg
22398,Men,Apparel,Topwear,Shirts,White,Fall,2011.0,Casual,Mark Taylor Men Striped White Shirt,data/fashion-dataset/images\22398.jpg
27894,Women,Apparel,Topwear,Shirts,Maroon,Summer,2012.0,Casual,Scullers For Her Check Maroon Shirt,data/fashion-dataset/images\27894.jpg
13755,Men,Apparel,Topwear,Shirts,Black,Fall,2011.0,Formal,Belmonte Men Check Black Shirts,data/fashion-dataset/images\13755.jpg
19853,Men,Apparel,Topwear,Shirts,Blue,Fall,2011.0,Casual,U.S. Polo Assn. Men Striped Blue Shirt,data/fashion-dataset/images\19853.jpg
9616,Men,Apparel,Topwear,Shirts,Black,Fall,2011.0,Casual,Indigo Nation Men Checks Black White Shirts,data/fashion-dataset/images\9616.jpg
20146,Men,Apparel,Topwear,Shirts,Navy Blue,Fall,2011.0,Casual,Wrangler Men Urban Navy Blue Shirt,data/fashion-dataset/images\20146.jpg
27931,Women,Apparel,Topwear,Shirts,White,Summer,2012.0,Casual,Jealous 21 Women White Shirt,data/fashion-dataset/images\27931.jpg
14712,Men,Apparel,Topwear,Shirts,Off White,Winter,2011.0,Formal,Genesis Off-White Formal Shirt,data/fashion-dataset/images\14712.jpg
41661,Men,Apparel,Topwear,Shirts,Blue,Summer,2012.0,Formal,Mark Taylor Men Blue Striped Shirt,data/fashion-dataset/images\41661.jpg
8181,Men,Apparel,Topwear,Shirts,Purple,Summer,2011.0,Casual,Locomotive Men Check Ladislav Purple Shirts,data/fashion-dataset/images\8181.jpg
5943,Men,Apparel,Topwear,Shirts,Green,Summer,2011.0,Casual,Locomotive Men Green Checked Shirt,data/fashion-dataset/images\5943.jpg
6867,Women,Apparel,Topwear,Shirts,Grey,Summer,2011.0,Casual,Forever New Women Light Brown & Grey Striped Shirt,data/fashion-dataset/images\6867.jpg
20029,Men,Apparel,Topwear,Shirts,Grey,Fall,2011.0,Casual,United Colors of Benetton Men Solid Grey Shirt,data/fashion-dataset/images\20029.jpg
58809,Men,Apparel,Topwear,Shirts,White,Fall,2012.0,Casual,Highlander Men White Striped Shirt,data/fashion-dataset/images\58809.jpg
10811,Men,Apparel,Topwear,Shirts,Red,Fall,2011.0,Casual,Wrangler Men Rodeo 47 Tab Pkt Red Shirts,data/fashion-dataset/images\10811.jpg
26116,Men,Apparel,Topwear,Shirts,Blue,Summer,2012.0,Formal,John Miller Men Striped Blue Shirt,data/fashion-dataset/images\26116.jpg
12254,Men,Apparel,Topwear,Shirts,Red,Fall,2011.0,Formal,Genesis Men Check Red Shirts,data/fashion-dataset/images\12254.jpg
10814,Men,Apparel,Topwear,Shirts,Purple,Fall,2011.0,Casual,Wrangler Men Easter Bright Amslar Purple Shirt,data/fashion-dataset/images\10814.jpg
21118,Men,Apparel,Topwear,Shirts,Olive,Fall,2011.0,Casual,s.Oliver Men Check Olive Shirt,data/fashion-dataset/images\21118.jpg
10185,Men,Apparel,Topwear,Shirts,White,Fall,2011.0,Casual,Indigo Nation Men Price catch White Shirts,data/fashion-dataset/images\10185.jpg
8805,Men,Apparel,Topwear,Shirts,Black,Fall,2011.0,Casual,Scullers Men Scul White Black Shirt,data/fashion-dataset/images\8805.jpg
12292,Men,Apparel,Topwear,Shirts,Blue,Fall,2011.0,Formal,Genesis Men Check Blue Shirts,data/fashion-dataset/images\12292.jpg
48371,Men,Apparel,Topwear,Shirts,Black,Summer,2012.0,Casual,French Connection Men Black Check Shirt,data/fashion-dataset/images\48371.jpg
10810,Men,Apparel,Topwear,Shirts,Blue,Fall,2011.0,Casual,Wrangler Men Mark Rodeo Riveted Blue Shirts,data/fashion-dataset/images\10810.jpg
12376,Men,Apparel,Topwear,Shirts,White,Fall,2011.0,Casual,Reid & Taylor Men Check White Shirts,data/fashion-dataset/images\12376.jpg
12387,Men,Apparel,Topwear,Shirts,Orange,Fall,2011.0,Formal,Reid & Taylor Men Stripes Orange Shirts,data/fashion-dataset/images\12387.jpg
29322,Men,Apparel,Topwear,Shirts,Maroon,Summer,2012.0,Casual,Probase Men Check Maroon Shirt,data/fashion-dataset/images\29322.jpg
8586,Men,Apparel,Topwear,Shirts,Red,Fall,2011.0,Casual,Scullers Men Red Shirt,data/fashion-dataset/images\8586.jpg
9231,Men,Apparel,Topwear,Shirts,Grey,Fall,2011.0,Formal,Mark Taylor Men Grey Striped Shirt,data/fashion-dataset/images\9231.jpg
20148,Men,Apparel,Topwear,Shirts,Black,Fall,2011.0,Casual,Wrangler Men Dodge Black Shirt,data/fashion-dataset/images\20148.jpg
33241,Men,Apparel,Topwear,Shirts,Blue,Summer,2012.0,Formal,Arrow Men Blue Striped Shirt,data/fashion-dataset/images\33241.jpg
22573,Men,Apparel,Topwear,Shirts,Red,Summer,2011.0,Casual,Highlander Men Check Red Shirt,data/fashion-dataset/images\22573.jpg
11701,Men,Apparel,Topwear,Shirts,White,Fall,2011.0,Casual,Lee Men Check White Shirts,data/fashion-dataset/images\11701.jpg
26088,Men,Apparel,Topwear,Shirts,Purple,Summer,2012.0,Formal,John Miller Men Striped Purple Shirt,data/fashion-dataset/images\26088.jpg
20177,Men,Apparel,Topwear,Shirts,Maroon,Fall,2011.0,Casual,Wrangler Men Tiny Maroon Shirt,data/fashion-dataset/images\20177.jpg
9519,Men,Apparel,Topwear,Shirts,Maroon,Fall,2011.0,Formal,John Miller Men white pink black check Maroon Shirts,data/fashion-dataset/images\9519.jpg
26516,Men,Apparel,Topwear,Shirts,Navy Blue,Spring,2012.0,Casual,Arrow Sport Men Navy Blue Check Shirt,data/fashion-dataset/images\26516.jpg
16037,Men,Apparel,Topwear,Shirts,Green,Fall,2011.0,Casual,Highlander Men Check Green Shirt,data/fashion-dataset/images\16037.jpg
33967,Women,Apparel,Topwear,Shirts,Black,Summer,2012.0,Casual,Femella Women Black Top,data/fashion-dataset/images\33967.jpg
13867,Men,Apparel,Topwear,Shirts,Red,Fall,2011.0,Casual,Scullers Men Check Red Shirts,data/fashion-dataset/images\13867.jpg
13735,Men,Apparel,Topwear,Shirts,Green,Fall,2011.0,Formal,Belmonte Men Stripes Green Shirts,data/fashion-dataset/images\13735.jpg
16340,Men,Apparel,Topwear,Shirts,Maroon,Fall,2011.0,Formal,Peter England Men Stripes Maroon Shirt,data/fashion-dataset/images\16340.jpg
6784,Men,Apparel,Topwear,Shirts,Blue,Summer,2011.0,Casual,Timberland Men Pelham Plaid Blue Shirt,data/fashion-dataset/images\6784.jpg
16387,Men,Apparel,Topwear,Shirts,Orange,Fall,2011.0,Formal,Peter England Men Stripes Orange Shirt,data/fashion-dataset/images\16387.jpg
26059,Men,Apparel,Topwear,Shirts,Black,Summer,2012.0,Formal,John Miller Men Gingham Black Shirt,data/fashion-dataset/images\26059.jpg
29291,Men,Apparel,Topwear,Shirts,Green,Summer,2012.0,Casual,Wrangler Men Striped Green Shirt,data/fashion-dataset/images\29291.jpg
16399,Men,Apparel,Topwear,Shirts,White,Fall,2011.0,Casual,Levis Men White Striped Shirt,data/fashion-dataset/images\16399.jpg
10476,Men,Apparel,Topwear,Shirts,Pink,Fall,2011.0,Casual,Flying Machine Men Ydc Pink Shirts,data/fashion-dataset/images\10476.jpg
22395,Men,Apparel,Topwear,Shirts,Blue,Fall,2011.0,Casual,Mark Taylor Men Striped Blue Shirt,data/fashion-dataset/images\22395.jpg
31639,Men,Apparel,Topwear,Shirts,Maroon,Summer,2012.0,Casual,Indigo Nation Men Check Maroon Shirt,data/fashion-dataset/images\31639.jpg
41660,Men,Apparel,Topwear,Shirts,Blue,Summer,2012.0,Formal,Mark Taylor Men Blue Striped Shirt,data/fashion-dataset/images\41660.jpg
9664,Men,Apparel,Topwear,Shirts,Maroon,Fall,2011.0,Casual,Indigo Nation Men Bling Maroon Shirt,data/fashion-dataset/images\9664.jpg
32762,Men,Apparel,Topwear,Shirts,Blue,Summer,2012.0,Formal,John Miller Men Check Blue Shirt,data/fashion-dataset/images\32762.jpg
26958,Women,Apparel,Topwear,Shirts,Teal,Summer,2012.0,Casual,Jealous 21 Women Teal Shirt,data/fashion-dataset/images\26958.jpg
43485,Men,Apparel,Topwear,Shirts,Navy Blue,Summer,2012.0,Casual,French Connection Men Navy Blue Shirt,data/fashion-dataset/images\43485.jpg
23037,Men,Apparel,Topwear,Shirts,Black,Fall,2011.0,Formal,Arrow Men Black Striped Shirt,data/fashion-dataset/images\23037.jpg
31097,Boys,Apparel,Topwear,Shirts,Blue,Summer,2012.0,Casual,Gini and Jony Boys Check Blue Shirt,data/fashion-dataset/images\31097.jpg
9634,Men,Apparel,Topwear,Shirts,White,Fall,2011.0,Formal,Indigo Nation Men Price catch Black White Shirts,data/fashion-dataset/images\9634.jpg
9064,Men,Apparel,Topwear,Shirts,Blue,Fall,2011.0,Formal,Mark Taylor Men Blue Striped Shirt,data/fashion-dataset/images\9064.jpg
31653,Men,Apparel,Topwear,Shirts,White,Summer,2012.0,Casual,Indigo Nation Men White Shirt,data/fashion-dataset/images\31653.jpg
7164,Men,Apparel,Topwear,Shirts,Red,Fall,2011.0,Casual,Scullers Men Black & Red Check Shirt,data/fashion-dataset/images\7164.jpg
14623,Men,Apparel,Topwear,Shirts,Grey,Fall,2011.0,Casual,United Colors of Benetton Men Check Grey Shirts,data/fashion-dataset/images\14623.jpg
16406,Men,Apparel,Topwear,Shirts,Maroon,Fall,2011.0,Casual,Levis Men Check Maroon Shirts,data/fashion-dataset/images\16406.jpg
22576,Men,Apparel,Topwear,Shirts,Purple,Fall,2011.0,Casual,Highlander Men Purple Check Shirt,data/fashion-dataset/images\22576.jpg
19825,Men,Apparel,Topwear,Shirts,Green,Fall,2011.0,Casual,U.S. Polo Assn. Men Check Green Shirt,data/fashion-dataset/images\19825.jpg
8798,Men,Apparel,Topwear,Shirts,Red,Fall,2011.0,Casual,Scullers Men Red Check Shirt,data/fashion-dataset/images\8798.jpg
4974,Men,Apparel,Topwear,Shirts,Yellow,Summer,2011.0,Casual,Gini and Jony Boy's Kangaroo Yellow Infant Kidswear,data/fashion-dataset/images\4974.jpg
2162,Men,Apparel,Topwear,Shirts,Blue,Spring,2011.0,Casual,Probase Men Blue Slim Fit Solid Casual Shirt,data/fashion-dataset/images\2162.jpg
29184,Men,Apparel,Topwear,Shirts,Blue,Summer,2012.0,Casual,United Colors of Benetton Men Blue Shirt,data/fashion-dataset/images\29184.jpg
9072,Men,Apparel,Topwear,Shirts,White,Fall,2011.0,Formal,Mark Taylor Men Solid White Shirts,data/fashion-dataset/images\9072.jpg
59874,Women,Apparel,Topwear,Shirts,Green,Fall,2012.0,Casual,Femella Women Green Check Shirt,data/fashion-dataset/images\59874.jpg
51426,Men,Apparel,Topwear,Shirts,White,Summer,2012.0,Casual,Myntra Men Red Check Shirt,data/fashion-dataset/images\51426.jpg
27887,Women,Apparel,Topwear,Shirts,White,Summer,2012.0,Formal,Scullers For Her White Check Shirt,data/fashion-dataset/images\27887.jpg
39771,Men,Apparel,Topwear,Shirts,White,Summer,2012.0,Casual,Peter England Men Multi Coloured Casual Shirt,data/fashion-dataset/images\39771.jpg
12328,Men,Apparel,Topwear,Shirts,Blue,Winter,2011.0,Formal,Genesis Blue Formal Shirt,data/fashion-dataset/images\12328.jpg
27871,Women,Apparel,Topwear,Shirts,White,Summer,2012.0,Casual,Scullers For Her Striped White Shirt,data/fashion-dataset/images\27871.jpg
6059,Men,Apparel,Topwear,Shirts,Green,Summer,2011.0,Casual,UCB Men Linen Small Checks Green Shirt,data/fashion-dataset/images\6059.jpg
5987,Men,Apparel,Topwear,Shirts,Black,Summer,2011.0,Casual,Highlander Men Black Striped Slim Fit Shirt,data/fashion-dataset/images\5987.jpg
11050,Men,Apparel,Topwear,Shirts,Red,Fall,2011.0,Casual,Scullers Men Check Red Shirts,data/fashion-dataset/images\11050.jpg
10792,Men,Apparel,Topwear,Shirts,Red,Fall,2011.0,Casual,Wrangler Men Authentic Rope Embro Red Shirts,data/fashion-dataset/images\10792.jpg
11693,Men,Apparel,Topwear,Shirts,Red,Fall,2011.0,Casual,Lee Men Check Red Shirts,data/fashion-dataset/images\11693.jpg
41653,Men,Apparel,Topwear,Shirts,Blue,Summer,2012.0,Formal,Mark Taylor Men Blue Striped Shirt,data/fashion-dataset/images\41653.jpg
9618,Men,Apparel,Topwear,Shirts,Blue,Fall,2011.0,Casual,Indigo Nation Men Checks Blue Shirts,data/fashion-dataset/images\9618.jpg
22384,Men,Apparel,Topwear,Shirts,Blue,Fall,2011.0,Casual,Mark Taylor Men Black & Blue Striped White Shirt,data/fashion-dataset/images\22384.jpg
5975,Men,Apparel,Topwear,Shirts,Black,Summer,2011.0,Casual,Locomotive Men Black Maroon Purple Stripe Shirt,data/fashion-dataset/images\5975.jpg
6320,Men,Apparel,Topwear,Shirts,Grey,Summer,2011.0,Casual,UCB Men Small Checks Yellow Shirt,data/fashion-dataset/images\6320.jpg
11459,Men,Apparel,Topwear,Shirts,Blue,Fall,2011.0,Formal,United Colors of Benetton Men Light Winters Blue Shirts,data/fashion-dataset/images\11459.jpg
34038,Boys,Apparel,Topwear,Shirts,Red,Summer,2012.0,Casual,Gini and Jony Boys Check Red Shirt,data/fashion-dataset/images\34038.jpg
22356,Men,Apparel,Topwear,Shirts,White,Fall,2011.0,Casual,John Players Men Solid White Shirt,data/fashion-dataset/images\22356.jpg
11404,Men,Apparel,Topwear,Shirts,Black,Fall,2011.0,Casual,United Colors of Benetton Men Solid Black Shirts,data/fashion-dataset/images\11404.jpg
9658,Men,Apparel,Topwear,Shirts,Maroon,Fall,2011.0,Casual,Indigo Nation Men Reversible Bling Maroon Shirt,data/fashion-dataset/images\9658.jpg
8720,Men,Apparel,Topwear,Shirts,Green,Fall,2011.0,Casual,Indigo Nation Men Stripes Green Shirts,data/fashion-dataset/images\8720.jpg
19180,Men,Apparel,Topwear,Shirts,White,Summer,2011.0,Casual,United Colors of Benetton Men Check White Shirt,data/fashion-dataset/images\19180.jpg
4972,Men,Apparel,Topwear,Shirts,Green,Summer,2011.0,Casual,Gini and Jony Boy's Kangaroo Green White Kidswear,data/fashion-dataset/images\4972.jpg
12327,Men,Apparel,Topwear,Shirts,Pink,Winter,2011.0,Formal,Genesis Pink Striped Formal Shirt,data/fashion-dataset/images\12327.jpg
13321,Men,Apparel,Topwear,Shirts,Pink,Fall,2011.0,Casual,Gini and Jony Kids Boys Stripes Pink Shirts,data/fashion-dataset/images\13321.jpg
9712,Men,Apparel,Topwear,Shirts,White,Fall,2011.0,Casual,Scullers Men Scul White Shirts,data/fashion-dataset/images\9712.jpg
17165,Men,Apparel,Topwear,Shirts,Maroon,Fall,2011.0,Formal,U.S. Polo Assn. Men Maroon & White Check Shirt,data/fashion-dataset/images\17165.jpg
20129,Women,Apparel,Topwear,Shirts,Purple,Fall,2011.0,Casual,Wrangler Women Belted Purple Shirt,data/fashion-dataset/images\20129.jpg
31100,Boys,Apparel,Topwear,Shirts,Navy Blue,Summer,2012.0,Casual,Gini and Jony Boys Check Navy Blue Shirt,data/fashion-dataset/images\31100.jpg
19735,Women,Apparel,Topwear,Shirts,White,Fall,2011.0,Casual,United Colors of Benetton Women White Shirt,data/fashion-dataset/images\19735.jpg
14663,Men,Apparel,Topwear,Shirts,Navy Blue,Fall,2011.0,Casual,Basics Men Navy Blue Slim Fit Checked Shirt,data/fashion-dataset/images\14663.jpg
39697,Men,Apparel,Topwear,Shirts,Navy Blue,Summer,2012.0,Casual,Spykar Men Ranger Navy Blue Shirt,data/fashion-dataset/images\39697.jpg
6015,Men,Apparel,Topwear,Shirts,Black,Summer,2011.0,Casual,Highlander Men Small Black Checked Shirt,data/fashion-dataset/images\6015.jpg
9254,Men,Apparel,Topwear,Shirts,White,Fall,2011.0,Formal,Mark Taylor Men Solid White Shirts,data/fashion-dataset/images\9254.jpg
39780,Men,Apparel,Topwear,Shirts,Yellow,Summer,2012.0,Casual,Peter England Men Yellow Casual Shirts,data/fashion-dataset/images\39780.jpg
11468,Men,Apparel,Topwear,Shirts,Blue,Fall,2011.0,Casual,United Colors of Benetton Men Summer Navy Blue Shirt,data/fashion-dataset/images\11468.jpg
9498,Men,Apparel,Topwear,Shirts,Pink,Fall,2011.0,Formal,John Miller Men Pink white black check Pink Shirts,data/fashion-dataset/images\9498.jpg
12012,Men,Apparel,Topwear,Shirts,Blue,Fall,2011.0,Formal,Mark Taylor Men Blue Striped Shirts,data/fashion-dataset/images\12012.jpg
10255,Men,Apparel,Topwear,Shirts,Blue,Fall,2011.0,Casual,Locomotive Men Stripes Blue Shirts,data/fashion-dataset/images\10255.jpg
20158,Men,Apparel,Topwear,Shirts,Blue,Fall,2011.0,Casual,Wrangler Men Festa Blue Shirt,data/fashion-dataset/images\20158.jpg
13417,Men,Apparel,Topwear,Shirts,Blue,Summer,2011.0,Casual,United Colors of Benetton Men Solid Blue Shirts,data/fashion-dataset/images\13417.jpg
17563,Men,Apparel,Topwear,Shirts,Green,Fall,2011.0,Formal,Mark Taylor Men Green & Pink Striped Shirt,data/fashion-dataset/images\17563.jpg
43030,Men,Apparel,Topwear,Shirts,Navy Blue,Summer,2012.0,Casual,Scullers Men Navy Blue Shirt,data/fashion-dataset/images\43030.jpg
26411,Men,Apparel,Topwear,Shirts,Red,Summer,2012.0,Casual,Turtle Men Check Red Shirt,data/fashion-dataset/images\26411.jpg
12304,Men,Apparel,Topwear,Shirts,Red,Fall,2011.0,Formal,Genesis Men Stripes Red Shirts,data/fashion-dataset/images\12304.jpg
27892,Women,Apparel,Topwear,Shirts,Black,Summer,2012.0,Formal,Scullers For Her Black Striped Shirt,data/fashion-dataset/images\27892.jpg
20283,Men,Apparel,Topwear,Shirts,White,Fall,2011.0,Casual,Basics Men White Checked Shirt,data/fashion-dataset/images\20283.jpg
51400,Men,Apparel,Topwear,Shirts,Yellow,Summer,2012.0,Formal,Myntra Men Yellow Shirt,data/fashion-dataset/images\51400.jpg
32395,Women,Apparel,Topwear,Shirts,Grey,Summer,2012.0,Formal,Arrow Woman Grey Shirt,data/fashion-dataset/images\32395.jpg
8826,Men,Apparel,Topwear,Shirts,White,Fall,2011.0,Casual,Spykar Men Ranger White Mustard Stripe Shirts,data/fashion-dataset/images\8826.jpg
9565,Men,Apparel,Topwear,Shirts,Blue,Fall,2011.0,Formal,John Miller Men Striped Blue Shirt,data/fashion-dataset/images\9565.jpg
10795,Men,Apparel,Topwear,Shirts,Navy Blue,Fall,2011.0,Casual,Wrangler Men Warnick Square Block Navy Blue Shirts,data/fashion-dataset/images\10795.jpg
40671,Women,Apparel,Topwear,Shirts,Pink,Summer,2012.0,Casual,Lee Women Pink & Navy Blue Check Shirt,data/fashion-dataset/images\40671.jpg
36590,Men,Apparel,Topwear,Shirts,Red,Summer,2012.0,Casual,Provogue Men Eternity Red Shirt,data/fashion-dataset/images\36590.jpg
10818,Men,Apparel,Topwear,Shirts,Red,Fall,2011.0,Casual,Wrangler Men Urban Raiser Red Shirts,data/fashion-dataset/images\10818.jpg
40129,Boys,Apparel,Topwear,Shirts,Navy Blue,Summer,2012.0,Casual,Gini and Jony BoysCore Navy Blue Shirt,data/fashion-dataset/images\40129.jpg
27148,Men,Apparel,Topwear,Shirts,Grey,Summer,2012.0,Formal,Mark Taylor Men Striped Grey Shirt,data/fashion-dataset/images\27148.jpg
5147,Women,Apparel,Topwear,Shirts,Red,Summer,2011.0,Casual,Wrangler Women Ditsy Polka Red Shirt,data/fashion-dataset/images\5147.jpg
37723,Men,Apparel,Topwear,Shirts,Blue,Summer,2012.0,Casual,John Players Men Stripes Blue Shirt,data/fashion-dataset/images\37723.jpg
41990,Boys,Apparel,Topwear,Shirts,Black,Summer,2012.0,Casual,Gini and Jony Boys Check Black Shirt,data/fashion-dataset/images\41990.jpg
8895,Men,Apparel,Topwear,Shirts,Black,Fall,2011.0,Casual,Indigo Nation Men Bling Black Shirts,data/fashion-dataset/images\8895.jpg
27561,Men,Apparel,Topwear,Shirts,Lavender,Summer,2012.0,Casual,Scullers Men Striped Lavender Shirt,data/fashion-dataset/images\27561.jpg
41606,Men,Apparel,Topwear,Shirts,Beige,Summer,2012.0,Casual,Basics Men Beige Shirt,data/fashion-dataset/images\41606.jpg
11045,Men,Apparel,Topwear,Shirts,White,Fall,2011.0,Casual,Scullers Men Check White Shirts,data/fashion-dataset/images\11045.jpg
27534,Men,Apparel,Topwear,Shirts,Blue,Summer,2012.0,Casual,Scullers Men Check Blue Shirt,data/fashion-dataset/images\27534.jpg
2101,Men,Apparel,Topwear,Shirts,Blue,Winter,2010.0,Casual,Lee Men Check Mason Blue Shirt,data/fashion-dataset/images\2101.jpg
33246,Men,Apparel,Topwear,Shirts,Lavender,Spring,2013.0,Formal,Arrow Men Lavender Unstainable Slim Fit Shirt,data/fashion-dataset/images\33246.jpg
57295,Men,Apparel,Topwear,Shirts,White,Summer,2012.0,Casual,French Connection Men Blue Shirt,data/fashion-dataset/images\57295.jpg
37746,Men,Apparel,Topwear,Shirts,Blue,Summer,2012.0,Casual,John Players Men Check Blue Shirt,data/fashion-dataset/images\37746.jpg
9260,Men,Apparel,Topwear,Shirts,Blue,Fall,2011.0,Formal,Mark Taylor Men Blue Striped Shirt,data/fashion-dataset/images\9260.jpg
6789,Men,Apparel,Topwear,Shirts,Green,Summer,2011.0,Casual,Timberland Men Meriden White Check Shirt,data/fashion-dataset/images\6789.jpg
13283,Men,Apparel,Topwear,Shirts,Blue,Fall,2011.0,Casual,Gini and Jony Kids Boys Check Blue Shirts,data/fashion-dataset/images\13283.jpg
51410,Men,Apparel,Topwear,Shirts,White,Summer,2012.0,Formal,Myntra Men White and Navy Blue Check Shirt,data/fashion-dataset/images\51410.jpg
9157,Women,Apparel,Topwear,Shirts,Pink,Fall,2011.0,Casual,Jealous 21 Women Checks Pink Shirt,data/fashion-dataset/images\9157.jpg
15086,Men,Apparel,Topwear,Shirts,Blue,Fall,2011.0,Casual,Mother Earth Men Check Blue Shirts,data/fashion-dataset/images\15086.jpg
8728,Men,Apparel,Topwear,Shirts,Purple,Fall,2011.0,Casual,Indigo Nation Men Checks Purple Shirts,data/fashion-dataset/images\8728.jpg
13460,Men,Apparel,Topwear,Shirts,Green,Summer,2011.0,Casual,United Colors of Benetton Men Solid Green Shirts,data/fashion-dataset/images\13460.jpg
9462,Men,Apparel,Topwear,Shirts,White,Fall,2011.0,Formal,John Miller Men White Check Shirt,data/fashion-dataset/images\9462.jpg
15259,Women,Footwear,Shoes,Casual Shoes,White,Fall,2011.0,Casual,ADIDAS Originals Women Top Ten low Sleek White Casual Shoes,data/fashion-dataset/images\15259.jpg
25420,Men,Footwear,Shoes,Casual Shoes,Black,Spring,2013.0,Casual,Nike Men Lite Force Black & White Shoes,data/fashion-dataset/images\25420.jpg
54739,Men,Footwear,Shoes,Casual Shoes,Grey,Summer,2012.0,Casual,Vans Men Grey Del Norte Canvas Shoes,data/fashion-dataset/images\54739.jpg
6497,Men,Footwear,Shoes,Casual Shoes,Brown,Winter,2018.0,Casual,Red Tape Men's Leather Brown Shoe,data/fashion-dataset/images\6497.jpg
15502,Women,Footwear,Shoes,Casual Shoes,Brown,Fall,2011.0,Casual,Carlton London Women Casual Brown Casual Shoes,data/fashion-dataset/images\15502.jpg
35465,Men,Footwear,Shoes,Casual Shoes,Blue,Fall,2012.0,Casual,Franco Leone Men Blue Shoes,data/fashion-dataset/images\35465.jpg
26664,Men,Footwear,Shoes,Casual Shoes,Black,Fall,2012.0,Casual,Puma Men Metamostro Black Shoes,data/fashion-dataset/images\26664.jpg
38544,Men,Footwear,Shoes,Casual Shoes,Black,Winter,2012.0,Casual,Puma Men Black Suede Archive Eco Shoes,data/fashion-dataset/images\38544.jpg
7041,Men,Footwear,Shoes,Casual Shoes,Black,Summer,2011.0,Casual,Numero Uno Black Men's Shoe,data/fashion-dataset/images\7041.jpg
36476,Men,Footwear,Shoes,Casual Shoes,Black,Spring,2013.0,Casual,Spinn Men Agile Black Shoes,data/fashion-dataset/images\36476.jpg
35677,Men,Footwear,Shoes,Casual Shoes,Brown,Winter,2014.0,Casual,U.S. Polo Assn. Men Brown Leather Casual Shoes,data/fashion-dataset/images\35677.jpg
17033,Men,Footwear,Shoes,Casual Shoes,Black,Summer,2013.0,Casual,Gas Men Europa Casual Shoes,data/fashion-dataset/images\17033.jpg
15512,Men,Footwear,Shoes,Casual Shoes,Brown,Fall,2011.0,Casual,Rockport Men Slatkin Brown Casual Shoes,data/fashion-dataset/images\15512.jpg
44746,Men,Footwear,Shoes,Casual Shoes,Olive,Summer,2012.0,Casual,Globalite Men Olive Sparta Shoes,data/fashion-dataset/images\44746.jpg
25452,Men,Footwear,Shoes,Casual Shoes,White,Summer,2012.0,Casual,Nike Men Prowl White Casual Shoes,data/fashion-dataset/images\25452.jpg
46117,Unisex,Footwear,Shoes,Casual Shoes,Red,Summer,2012.0,Casual,ADIDAS Unisex Red Neo Shell Comic Shoes,data/fashion-dataset/images\46117.jpg
9130,Men,Footwear,Shoes,Casual Shoes,Grey,Fall,2011.0,Casual,Puma Men Osu NM Grey Casual Shoes,data/fashion-dataset/images\9130.jpg
7267,Men,Footwear,Shoes,Casual Shoes,Brown,Fall,2011.0,Casual,Rockport Men Brown Leather Casual Shoes,data/fashion-dataset/images\7267.jpg
44503,Women,Footwear,Shoes,Casual Shoes,Grey,Summer,2012.0,Casual,Gliders Women Grey & Orange Shoes,data/fashion-dataset/images\44503.jpg
43878,Men,Footwear,Shoes,Casual Shoes,Brown,Summer,2012.0,Casual,Puma Men Brown Terrae Mid Africa Shoes,data/fashion-dataset/images\43878.jpg
11816,Men,Footwear,Shoes,Casual Shoes,White,Fall,2011.0,Casual,Playboy Men Casual White Casual Shoes,data/fashion-dataset/images\11816.jpg
38770,Men,Footwear,Shoes,Casual Shoes,Olive,Summer,2012.0,Casual,Woodland Men Olive Shoes,data/fashion-dataset/images\38770.jpg
35660,Men,Footwear,Shoes,Casual Shoes,Black,Summer,2012.0,Casual,U.S. Polo Assn. Men Black Shoes,data/fashion-dataset/images\35660.jpg
23855,Men,Footwear,Shoes,Casual Shoes,Yellow,Summer,2011.0,Casual,ADIDAS Men Yellow Color Blast Casual Shoes,data/fashion-dataset/images\23855.jpg
21079,Men,Footwear,Shoes,Casual Shoes,Brown,Spring,2012.0,Casual,Clarks Men Supa Step Brown Casual Shoe,data/fashion-dataset/images\21079.jpg
24302,Unisex,Footwear,Shoes,Casual Shoes,Blue,Summer,2012.0,Casual,Converse Unisex Blue Casual Shoes,data/fashion-dataset/images\24302.jpg
4133,Men,Footwear,Shoes,Casual Shoes,White,Winter,2015.0,Casual,Skechers Men's Sparta White Shoe,data/fashion-dataset/images\4133.jpg
32952,Men,Footwear,Shoes,Casual Shoes,Black,Summer,2012.0,Casual,ADIDAS Neo Men Court Sequence Black Shoes,data/fashion-dataset/images\32952.jpg
55785,Men,Footwear,Shoes,Casual Shoes,Navy Blue,Spring,2014.0,Casual,Converse Men Navy Casual Shoes,data/fashion-dataset/images\55785.jpg
13066,Men,Footwear,Shoes,Casual Shoes,White,Fall,2011.0,Casual,Numero Uno Men White Casual Shoes,data/fashion-dataset/images\13066.jpg
20707,Men,Footwear,Shoes,Casual Shoes,Black,Winter,2012.0,Casual,Buckaroo Men Melania Black Casual Shoes,data/fashion-dataset/images\20707.jpg
20716,Men,Footwear,Shoes,Casual Shoes,Brown,Winter,2018.0,Smart Casual,Red Tape Men Brown Leather Casual Shoes,data/fashion-dataset/images\20716.jpg
35670,Men,Footwear,Shoes,Casual Shoes,Navy Blue,Spring,2013.0,Casual,U.S. Polo Assn. Men Navy Blue Shoes,data/fashion-dataset/images\35670.jpg
15220,Men,Footwear,Shoes,Casual Shoes,Brown,Fall,2011.0,Casual,ADIDAS Originals Men Adi T Tennis Brown Casual Shoes,data/fashion-dataset/images\15220.jpg
22251,Men,Footwear,Shoes,Casual Shoes,Black,Summer,2011.0,Casual,ID Men Black Casual Shoes,data/fashion-dataset/images\22251.jpg
4019,Unisex,Footwear,Shoes,Casual Shoes,Blue,Summer,2011.0,Casual,ADIDAS Unisex Check Can MW Blue Shoe,data/fashion-dataset/images\4019.jpg
30258,Men,Footwear,Shoes,Casual Shoes,Brown,Winter,2018.0,Casual,Red Tape Men Brown Shoes,data/fashion-dataset/images\30258.jpg
11842,Men,Footwear,Shoes,Casual Shoes,Beige,Summer,2013.0,Casual,Playboy Men Casual Beige Casual Shoes,data/fashion-dataset/images\11842.jpg
50753,Men,Footwear,Shoes,Casual Shoes,Mushroom Brown,Winter,2018.0,Casual,Red Chief Men Mushroom Brown Shoes,data/fashion-dataset/images\50753.jpg
11951,Men,Footwear,Shoes,Casual Shoes,Blue,Summer,2012.0,Casual,Ganuchi Men Blue Shoes,data/fashion-dataset/images\11951.jpg
33689,Men,Footwear,Shoes,Casual Shoes,White,Winter,2012.0,Casual,Cobblerz Men White & Blue Casual Shoes,data/fashion-dataset/images\33689.jpg
43379,Men,Footwear,Shoes,Casual Shoes,White,Summer,2012.0,Casual,Reebok Men White Mamba Casual Shoes,data/fashion-dataset/images\43379.jpg
22819,Men,Footwear,Shoes,Casual Shoes,Brown,Summer,2016.0,Casual,Woodland Men Brown Casual Shoes,data/fashion-dataset/images\22819.jpg
2540,Men,Footwear,Shoes,Casual Shoes,Blue,Fall,2010.0,Casual,Numero Uno Men's Casual Black Leatherette Shoe,data/fashion-dataset/images\2540.jpg
22237,Men,Footwear,Shoes,Casual Shoes,Red,Summer,2011.0,Casual,ID Men Red Shoes,data/fashion-dataset/images\22237.jpg
35673,Men,Footwear,Shoes,Casual Shoes,Navy Blue,Summer,2012.0,Casual,U.S. Polo Assn. Men Navy Blue Shoes,data/fashion-dataset/images\35673.jpg
24254,Men,Footwear,Shoes,Casual Shoes,White,Summer,2012.0,Casual,Numero Uno Men White Casual Shoes,data/fashion-dataset/images\24254.jpg
35531,Girls,Footwear,Shoes,Casual Shoes,Red,Winter,2008.0,Casual,Enroute Teens Girls Red Ballet Flats,data/fashion-dataset/images\35531.jpg
21744,Unisex,Footwear,Shoes,Casual Shoes,Black,Fall,2011.0,Casual,Vans Unisex Classic Slip-On Black Casual Shoe,data/fashion-dataset/images\21744.jpg
59944,Men,Footwear,Shoes,Casual Shoes,Cream,Spring,2013.0,Casual,Vans Men Black & Cream Casual Shoes,data/fashion-dataset/images\59944.jpg
49381,Men,Footwear,Shoes,Casual Shoes,Navy Blue,Summer,2012.0,Casual,Vans Men Navy Blue Versa Casual Shoes,data/fashion-dataset/images\49381.jpg
34747,Women,Footwear,Shoes,Casual Shoes,White,Summer,2012.0,Casual,Puma Women Soleil Cat White Shoes,data/fashion-dataset/images\34747.jpg
22826,Men,Footwear,Shoes,Casual Shoes,Brown,Summer,2012.0,Casual,Woodland Men Brown Casual Shoes,data/fashion-dataset/images\22826.jpg
3695,Men,Footwear,Shoes,Casual Shoes,White,Summer,2011.0,Casual,Lotto Men's Rio Velcro White Indigo Shoe,data/fashion-dataset/images\3695.jpg
57521,Men,Footwear,Shoes,Casual Shoes,Brown,Summer,2012.0,Casual,Provogue Men Brown Casual Shoes,data/fashion-dataset/images\57521.jpg
8210,Men,Footwear,Shoes,Casual Shoes,Brown,Winter,2018.0,Casual,Red Tape Men's Casual Brown Shoe,data/fashion-dataset/images\8210.jpg
5429,Men,Footwear,Shoes,Casual Shoes,Black,Summer,2011.0,Casual,Fila Men's Cruise Black Shoe,data/fashion-dataset/images\5429.jpg
22828,Men,Footwear,Shoes,Casual Shoes,Black,Summer,2016.0,Casual,Woodland Men Black Casual Shoes,data/fashion-dataset/images\22828.jpg
6804,Men,Footwear,Shoes,Casual Shoes,Brown,Summer,2011.0,Casual,Timberland Men's Driver Venetian Brown Shoe,data/fashion-dataset/images\6804.jpg
29573,Men,Footwear,Shoes,Casual Shoes,Black,Summer,2012.0,Casual,Vans Men Edgemont Black Shoes,data/fashion-dataset/images\29573.jpg
37256,Men,Footwear,Shoes,Casual Shoes,Black,Summer,2012.0,Casual,United Colors of Benetton Men Black Shoes,data/fashion-dataset/images\37256.jpg
22246,Men,Footwear,Shoes,Casual Shoes,Green,Summer,2011.0,Casual,ID Men Green Casual Shoe,data/fashion-dataset/images\22246.jpg
13360,Women,Footwear,Shoes,Casual Shoes,Brown,Fall,2012.0,Casual,Timberland Women Femmes Brown Boot,data/fashion-dataset/images\13360.jpg
6448,Men,Footwear,Shoes,Casual Shoes,Brown,Summer,2011.0,Casual,Lotto Men's Calcetto Brown Shoe,data/fashion-dataset/images\6448.jpg
56660,Men,Footwear,Shoes,Casual Shoes,Olive,Summer,2012.0,Casual,United Colors of Benetton Men Olive Shoes,data/fashion-dataset/images\56660.jpg
39629,Men,Footwear,Shoes,Casual Shoes,Purple,Summer,2012.0,Casual,Nike Men Toki Premium Purple Casual Shoes,data/fashion-dataset/images\39629.jpg
21569,Men,Footwear,Shoes,Casual Shoes,Black,Summer,2012.0,Casual,Numero Uno Men Casual Black Shoes,data/fashion-dataset/images\21569.jpg
38660,Men,Footwear,Shoes,Casual Shoes,Maroon,Summer,2012.0,Casual,Nike Men Braata Canvas Red Casual Shoes,data/fashion-dataset/images\38660.jpg
13538,Men,Footwear,Shoes,Casual Shoes,Black,Winter,2012.0,Casual,Carlton London Men Casual Black Casual Shoes,data/fashion-dataset/images\13538.jpg
35386,Boys,Footwear,Shoes,Casual Shoes,Blue,Summer,2012.0,Casual,Enroute Teens Blue Shoes,data/fashion-dataset/images\35386.jpg
15513,Men,Footwear,Shoes,Casual Shoes,Brown,Fall,2011.0,Casual,Rockport Men Utara L2T Brown Casual Shoes,data/fashion-dataset/images\15513.jpg
10154,Men,Footwear,Shoes,Casual Shoes,Brown,Fall,2011.0,Casual,Rockport Men Bal Brown Casual Shoes,data/fashion-dataset/images\10154.jpg
13484,Women,Footwear,Shoes,Casual Shoes,White,Winter,2012.0,Casual,Rocia Women Rocia White  Sandal White Shoes,data/fashion-dataset/images\13484.jpg
3489,Men,Footwear,Shoes,Casual Shoes,Blue,Summer,2011.0,Casual,ADIDAS Men's Jawpaw Blue Shoe,data/fashion-dataset/images\3489.jpg
45866,Men,Footwear,Shoes,Casual Shoes,Black,Summer,2012.0,Casual,Numero Uno Men Black Shoes,data/fashion-dataset/images\45866.jpg
38535,Men,Footwear,Shoes,Casual Shoes,White,Summer,2012.0,Casual,Puma Men White Benecio Shoes,data/fashion-dataset/images\38535.jpg
57524,Men,Footwear,Shoes,Casual Shoes,Black,Fall,2012.0,Casual,Provogue Men Black Casual Shoes,data/fashion-dataset/images\57524.jpg
13077,Men,Footwear,Shoes,Casual Shoes,White,Fall,2012.0,Casual,Numero Uno Men White Casual Shoes,data/fashion-dataset/images\13077.jpg
42274,Unisex,Footwear,Shoes,Casual Shoes,Black,Summer,2012.0,Casual,Vans Unisex Black Era Shoes,data/fashion-dataset/images\42274.jpg
17959,Women,Footwear,Shoes,Casual Shoes,White,Fall,2011.0,Casual,Puma Women Trinity White Casual Shoe,data/fashion-dataset/images\17959.jpg
2388,Men,Footwear,Shoes,Casual Shoes,Brown,Winter,2018.0,Casual,Red Tape Men Brown Casual Shoe,data/fashion-dataset/images\2388.jpg
43236,Men,Footwear,Shoes,Casual Shoes,Black,Summer,2012.0,Casual,Reebok Men Black Varsity Casual Shoes,data/fashion-dataset/images\43236.jpg
3658,Men,Footwear,Shoes,Casual Shoes,Black,Summer,2011.0,Casual,Fila Men's Tribute Black Shoe,data/fashion-dataset/images\3658.jpg
3564,Men,Footwear,Shoes,Casual Shoes,Brown,Winter,2015.0,Casual,Skechers Men Sage Brown Lifestyle Casual Shoe,data/fashion-dataset/images\3564.jpg
35681,Men,Footwear,Shoes,Casual Shoes,Brown,Summer,2012.0,Casual,U.S. Polo Assn. Men Brown Shoes,data/fashion-dataset/images\35681.jpg
54066,Men,Footwear,Shoes,Casual Shoes,Olive,Summer,2012.0,Casual,ADIDAS Men Olive Shoes,data/fashion-dataset/images\54066.jpg
39593,Women,Footwear,Shoes,Casual Shoes,White,Winter,2015.0,Casual,Catwalk Women White Shoes,data/fashion-dataset/images\39593.jpg
30237,Men,Footwear,Shoes,Casual Shoes,Black,Summer,2012.0,Casual,Numero Uno Men Black Shoes,data/fashion-dataset/images\30237.jpg
12507,Men,Footwear,Shoes,Casual Shoes,Black,Winter,2018.0,Casual,Red Tape Men Casual Black Casual Shoes,data/fashion-dataset/images\12507.jpg
3588,Unisex,Footwear,Shoes,Casual Shoes,Red,Summer,2013.0,Casual,Converse Unisex All Star Canvas Ox Red Shoe,data/fashion-dataset/images\3588.jpg
5898,Men,Footwear,Shoes,Casual Shoes,Blue,Summer,2011.0,Casual,Puma Men Tekkies Jam Blue Shoe,data/fashion-dataset/images\5898.jpg
26659,Men,Footwear,Shoes,Casual Shoes,White,Summer,2012.0,Casual,Puma Men White Basics Shoes,data/fashion-dataset/images\26659.jpg
17697,Men,Footwear,Shoes,Casual Shoes,Grey,Fall,2011.0,Casual,Vans Men Bali Grey Casual Shoes,data/fashion-dataset/images\17697.jpg
30239,Men,Footwear,Shoes,Casual Shoes,White,Summer,2012.0,Casual,Numero Uno Men White Shoes,data/fashion-dataset/images\30239.jpg
26629,Unisex,Footwear,Shoes,Casual Shoes,Black,Summer,2012.0,Casual,Puma Kids Unisex Future Cat M2 Black Casual Shoes,data/fashion-dataset/images\26629.jpg
9213,Men,Footwear,Shoes,Casual Shoes,Black,Fall,2011.0,Casual,Puma Men Speeder Black Casual Shoes,data/fashion-dataset/images\9213.jpg
19365,Men,Footwear,Shoes,Casual Shoes,Tan,Winter,2018.0,Casual,Redtape Men Calcullas Tan Casual Shoes,data/fashion-dataset/images\19365.jpg
24717,Men,Footwear,Shoes,Casual Shoes,Charcoal,Fall,2011.0,Casual,Skechers Men Heisman Charcoal Casual Shoes,data/fashion-dataset/images\24717.jpg
30259,Men,Footwear,Shoes,Casual Shoes,Navy Blue,Winter,2018.0,Casual,Red Tape Men Navy Blue Shoes,data/fashion-dataset/images\30259.jpg
28657,Men,Footwear,Shoes,Casual Shoes,Black,Summer,2012.0,Casual,Nike Men Air Ralston Mid Lite Black Casual Shoes,data/fashion-dataset/images\28657.jpg
18537,Unisex,Footwear,Shoes,Casual Shoes,Black,Fall,2012.0,Casual,Puma Unisex Limnos Black Casual Shoes,data/fashion-dataset/images\18537.jpg
57467,Unisex,Footwear,Shoes,Casual Shoes,Navy Blue,Fall,2012.0,Casual,Puma Unisex 917 Lo CVS Navy Blue Shoes,data/fashion-dataset/images\57467.jpg
13988,Men,Footwear,Shoes,Casual Shoes,Navy Blue,Fall,2011.0,Casual,Puma Men Future Cat Remix Lo Navy Blue Casual Shoes,data/fashion-dataset/images\13988.jpg
18405,Men,Footwear,Shoes,Casual Shoes,Brown,Summer,2012.0,Casual,Skechers Men USA Brown Shoe,data/fashion-dataset/images\18405.jpg
46606,Women,Footwear,Shoes,Casual Shoes,Blue,Winter,2015.0,Casual,Catwalk Women Blue Shoes,data/fashion-dataset/images\46606.jpg
34751,Men,Footwear,Shoes,Casual Shoes,Brown,Summer,2012.0,Casual,Puma Men Benecio Mid Leather Brown Shoes,data/fashion-dataset/images\34751.jpg
57529,Men,Footwear,Shoes,Casual Shoes,Brown,Fall,2012.0,Casual,Provogue Men Brown Casual Shoes,data/fashion-dataset/images\57529.jpg
56722,Men,Footwear,Shoes,Casual Shoes,Maroon,Fall,2012.0,Casual,Converse Men Maroon Shoes,data/fashion-dataset/images\56722.jpg
24690,Men,Footwear,Shoes,Casual Shoes,Brown,Summer,2011.0,Casual,Lee Cooper Men Casual Brown Shoes,data/fashion-dataset/images\24690.jpg
13382,Women,Footwear,Shoes,Casual Shoes,Brown,Fall,2011.0,Casual,Timberland Women Femmes Brown Casual Shoes,data/fashion-dataset/images\13382.jpg
26563,Men,Footwear,Shoes,Casual Shoes,Tan,Summer,2012.0,Casual,Lee Cooper Men Tan Shoes,data/fashion-dataset/images\26563.jpg
42275,Men,Footwear,Shoes,Casual Shoes,Brown,Summer,2012.0,Casual,Vans Men Brown Michoacan Shoes,data/fashion-dataset/images\42275.jpg
3644,Men,Footwear,Shoes,Casual Shoes,Navy Blue,Summer,2011.0,Casual,Fila Men's Maverick HI Navy Green Canvas Shoe,data/fashion-dataset/images\3644.jpg
35696,Men,Footwear,Shoes,Casual Shoes,White,Summer,2012.0,Casual,Nike Men Sweet Classic Leather White Shoes,data/fashion-dataset/images\35696.jpg
3649,Men,Footwear,Shoes,Casual Shoes,Black,Fall,2011.0,Casual,FILA Men Elite Black Casual Shoes,data/fashion-dataset/images\3649.jpg
35392,Men,Footwear,Shoes,Casual Shoes,Brown,Summer,2012.0,Casual,Stens by Enroute Men Brown Shoes,data/fashion-dataset/images\35392.jpg
6368,Men,Footwear,Shoes,Casual Shoes,Black,Summer,2011.0,Casual,Numero Uno Men's Black Shoe,data/fashion-dataset/images\6368.jpg
2495,Men,Footwear,Shoes,Casual Shoes,Black,Fall,2010.0,Casual,Numero Uno Men's Casual White Black Stripe Shoe,data/fashion-dataset/images\2495.jpg
46841,Girls,Footwear,Shoes,Casual Shoes,Pink,Winter,2012.0,Casual,Barbie Girls Pink Shoes,data/fashion-dataset/images\46841.jpg
14481,Men,Footwear,Shoes,Casual Shoes,Beige,Fall,2011.0,Casual,Flying Machine Men Beige Casual Shoes,data/fashion-dataset/images\14481.jpg
10758,Girls,Footwear,Shoes,Casual Shoes,Blue,Winter,2012.0,Casual,Disney Kids Girls Princess Heart Blue Casual Shoes,data/fashion-dataset/images\10758.jpg
4282,Men,Footwear,Shoes,Casual Shoes,Brown,Summer,2011.0,Casual,Rockport Men Arratoon Brown Shoe,data/fashion-dataset/images\4282.jpg
9387,Women,Footwear,Shoes,Casual Shoes,White,Fall,2011.0,Casual,Nike Women Wmns Nike Bac White Casual Shoes,data/fashion-dataset/images\9387.jpg
23935,Men,Footwear,Shoes,Casual Shoes,White,Fall,2011.0,Casual,Lotto Men White Pesa Slip-On Casual Shoes,data/fashion-dataset/images\23935.jpg
30233,Men,Footwear,Shoes,Casual Shoes,White,Summer,2012.0,Casual,Numero Uno Men White Shoes,data/fashion-dataset/images\30233.jpg
26646,Men,Footwear,Shoes,Casual Shoes,Black,Summer,2012.0,Casual,Puma Men Driving Power Black Shoes,data/fashion-dataset/images\26646.jpg
59941,Men,Footwear,Shoes,Casual Shoes,Navy Blue,Spring,2013.0,Casual,Vans Men Navy Blue Casual Shoes,data/fashion-dataset/images\59941.jpg
12867,Men,Footwear,Shoes,Casual Shoes,Black,Fall,2011.0,Casual,Lee Cooper Men Casual Black Shoes,data/fashion-dataset/images\12867.jpg
12870,Men,Footwear,Shoes,Casual Shoes,Black,Spring,2012.0,Casual,Lee Cooper MenCasual Black Shoes,data/fashion-dataset/images\12870.jpg
16157,Men,Footwear,Shoes,Casual Shoes,Black,Fall,2011.0,Casual,Enroute Men Leather Black Casual Shoes,data/fashion-dataset/images\16157.jpg
44494,Men,Footwear,Shoes,Casual Shoes,Blue,Summer,2012.0,Casual,Gliders Men Blue Shoes,data/fashion-dataset/images\44494.jpg
43380,Men,Footwear,Shoes,Casual Shoes,White,Summer,2012.0,Casual,Reebok Men White Mamba Casual Shoes,data/fashion-dataset/images\43380.jpg
22164,Men,Footwear,Shoes,Casual Shoes,Brown,Fall,2012.0,Casual,Timberland Men Brown Casual Shoes,data/fashion-dataset/images\22164.jpg
20700,Men,Footwear,Shoes,Casual Shoes,Brown,Winter,2011.0,Casual,Buckaroo Men  Fiesta Brown Casual Shoes,data/fashion-dataset/images\20700.jpg
2822,Men,Footwear,Shoes,Casual Shoes,Black,Summer,2012.0,Casual,Lee Cooper Men's Casual Felt Black Shoe,data/fashion-dataset/images\2822.jpg
39970,Men,Footwear,Shoes,Casual Shoes,Red,Spring,2013.0,Casual,Gas Men Red Cutback Shoes,data/fashion-dataset/images\39970.jpg
34750,Men,Footwear,Shoes,Casual Shoes,Black,Summer,2012.0,Casual,Puma Men Black Benecio Shoes,data/fashion-dataset/images\34750.jpg
36465,Men,Footwear,Shoes,Casual Shoes,White,Summer,2012.0,Casual,Spinn Men Viking White Casual Shoes,data/fashion-dataset/images\36465.jpg
50279,Men,Footwear,Shoes,Casual Shoes,Navy Blue,Summer,2013.0,Casual,Arrow Men Navy Blue Shoes,data/fashion-dataset/images\50279.jpg
39946,Men,Footwear,Shoes,Casual Shoes,Beige,Summer,2013.0,Casual,Gas Men Sahar Beige Shoes,data/fashion-dataset/images\39946.jpg
22867,Men,Footwear,Shoes,Casual Shoes,Brown,Summer,2012.0,Casual,Woodland Men Brown Casual Shoes,data/fashion-dataset/images\22867.jpg
22245,Men,Footwear,Shoes,Casual Shoes,Brown,Summer,2011.0,Casual,ID Men Brown Casual Shoes,data/fashion-dataset/images\22245.jpg
22165,Men,Footwear,Shoes,Casual Shoes,Brown,Fall,2012.0,Casual,Timberland Men Brown Casual Shoes,data/fashion-dataset/images\22165.jpg
29572,Men,Footwear,Shoes,Casual Shoes,Grey,Summer,2012.0,Casual,Vans Men Classic Slip-On Grey Shoes,data/fashion-dataset/images\29572.jpg
13080,Men,Footwear,Shoes,Casual Shoes,Black,Summer,2013.0,Casual,Numero Uno Men Black Casual Shoes,data/fashion-dataset/images\13080.jpg
6431,Unisex,Footwear,Shoes,Casual Shoes,Navy Blue,Summer,2011.0,Casual,Lotto Unisex Canvas Dark Navy Shoe,data/fashion-dataset/images\6431.jpg
7365,Men,Footwear,Shoes,Casual Shoes,Black,Winter,2018.0,Casual,Red Tape Men's Black Casual Shoe,data/fashion-dataset/images\7365.jpg
4343,Men,Footwear,Shoes,Casual Shoes,Red,Summer,2011.0,Casual,Fila Men Leonard Red Shoes,data/fashion-dataset/images\4343.jpg
7379,Men,Footwear,Shoes,Casual Shoes,Black,Winter,2018.0,Casual,Red Tape Men's Blk Casual Black Shoe,data/fashion-dataset/images\7379.jpg
15508,Men,Footwear,Shoes,Casual Shoes,Brown,Fall,2011.0,Casual,Rockport Men Cape Noble Brown Casual Shoes,data/fashion-dataset/images\15508.jpg
39968,Men,Footwear,Shoes,Casual Shoes,Brown,Spring,2013.0,Casual,Gas Men Brown Cutback Shoes,data/fashion-dataset/images\39968.jpg
44739,Men,Footwear,Shoes,Casual Shoes,Grey,Summer,2012.0,Casual,Globalite Men Grey Starcross Shoes,data/fashion-dataset/images\44739.jpg
37241,Men,Footwear,Shoes,Casual Shoes,Black,Summer,2012.0,Casual,United Colors of Benetton Men Black Shoes,data/fashion-dataset/images\37241.jpg
35848,Women,Footwear,Shoes,Casual Shoes,Blue,Summer,2012.0,Casual,Kelme Women Passion Blue Shoes,data/fashion-dataset/images\35848.jpg
7710,Men,Footwear,Shoes,Casual Shoes,Blue,Fall,2011.0,Casual,Puma Men's Bluebird Blue Yellow Shoe,data/fashion-dataset/images\7710.jpg
31942,Women,Footwear,Shoes,Casual Shoes,White,Summer,2012.0,Casual,Nike Women Sweet Classic Leather White Shoes,data/fashion-dataset/images\31942.jpg
14560,Men,Footwear,Shoes,Casual Shoes,Black,Spring,2012.0,Casual,Vans Men Era Black Casual Shoes,data/fashion-dataset/images\14560.jpg
17766,Men,Footwear,Shoes,Casual Shoes,Olive,Winter,2012.0,Casual,Buckaroo Jefe Men Olive Casual Shoes,data/fashion-dataset/images\17766.jpg
57520,Men,Footwear,Shoes,Casual Shoes,Brown,Fall,2012.0,Casual,Provogue Men Brown Casual Shoes,data/fashion-dataset/images\57520.jpg
56655,Men,Footwear,Shoes,Casual Shoes,Blue,Summer,2012.0,Casual,United Colors of Benetton Men Blue Shoes,data/fashion-dataset/images\56655.jpg
22160,Men,Footwear,Shoes,Casual Shoes,Black,Summer,2011.0,Casual,Lee Cooper Men Black Casual Shoes,data/fashion-dataset/images\22160.jpg
17704,Unisex,Footwear,Shoes,Casual Shoes,Maroon,Fall,2011.0,Casual,Vans unisex Old Skool Red Casual Shoes,data/fashion-dataset/images\17704.jpg
12423,Women,Footwear,Shoes,Casual Shoes,Brown,Fall,2011.0,Casual,Timberland Women Casual Brown Casual Shoes,data/fashion-dataset/images\12423.jpg
39625,Men,Footwear,Shoes,Casual Shoes,Black,Summer,2012.0,Casual,Nike Men Sweet Classic High Black Casual Shoes,data/fashion-dataset/images\39625.jpg
31945,Men,Footwear,Shoes,Casual Shoes,Black,Summer,2012.0,Casual,Nike Men Avid Black Shoes,data/fashion-dataset/images\31945.jpg
39664,Men,Footwear,Shoes,Casual Shoes,White,Summer,2012.0,Casual,Lotto Men White Shoes,data/fashion-dataset/images\39664.jpg
14283,Women,Footwear,Shoes,Casual Shoes,Brown,Fall,2011.0,Casual,Timberland Women Chauncy ox  Casual Shoe,data/fashion-dataset/images\14283.jpg
49484,Men,Footwear,Shoes,Casual Shoes,Navy Blue,Summer,2012.0,Casual,Vans Men Navy Blue Shoes,data/fashion-dataset/images\49484.jpg
35818,Women,Footwear,Shoes,Casual Shoes,Red,Summer,2012.0,Casual,Enroute Women Red Moccasins,data/fashion-dataset/images\35818.jpg
12519,Men,Footwear,Shoes,Casual Shoes,Beige,Winter,2018.0,Casual,Red Tape Men Beige Shoes,data/fashion-dataset/images\12519.jpg
12430,Men,Footwear,Shoes,Casual Shoes,Blue,Fall,2011.0,Casual,Timberland Men Casual Blue Casual Shoes,data/fashion-dataset/images\12430.jpg
4853,Unisex,Footwear,Shoes,Casual Shoes,Black,Summer,2011.0,Casual,Newfeel Unisex Black & Grey Shoes,data/fashion-dataset/images\4853.jpg
22833,Men,Footwear,Shoes,Casual Shoes,Olive,Summer,2016.0,Casual,Woodland Men Olive Green Casual Shoes,data/fashion-dataset/images\22833.jpg
17669,Women,Footwear,Shoes,Casual Shoes,Blue,Winter,2015.0,Casual,Catwalk Women Closed Blue Casual Shoe,data/fashion-dataset/images\17669.jpg
17659,Women,Footwear,Shoes,Casual Shoes,Brown,Winter,2015.0,Casual,Catwalk Women Ballerina Brown Casual Shoe,data/fashion-dataset/images\17659.jpg
57480,Men,Footwear,Shoes,Casual Shoes,White,Summer,2012.0,Casual,ID Men White & Navy Blue Casual Shoes,data/fashion-dataset/images\57480.jpg
10266,Men,Footwear,Shoes,Casual Shoes,Brown,Fall,2011.0,Casual,Clarks Men Goto Hi Cola Suede Brown Shoes,data/fashion-dataset/images\10266.jpg
7714,Men,Footwear,Shoes,Casual Shoes,Black,Fall,2011.0,Casual,Fila Men's Wind Black Shoe,data/fashion-dataset/images\7714.jpg
5320,Men,Footwear,Shoes,Casual Shoes,Grey,Summer,2011.0,Casual,Fila Men's Montello Grey Black Red Shoe,data/fashion-dataset/images\5320.jpg
12510,Men,Footwear,Shoes,Casual Shoes,Grey,Winter,2018.0,Casual,Red Tape Men Casual Grey Casual Shoes,data/fashion-dataset/images\12510.jpg
43874,Men,Footwear,Shoes,Casual Shoes,White,Summer,2010.0,Casual,Puma Men White Mid Ducati Shoes,data/fashion-dataset/images\43874.jpg
15503,Women,Footwear,Shoes,Casual Shoes,Black,Fall,2011.0,Casual,Carlton London Women Casual Black Casual Shoes,data/fashion-dataset/images\15503.jpg
7040,Men,Footwear,Shoes,Casual Shoes,Navy Blue,Summer,2011.0,Casual,Numero Uno Men's Navy Blue Shoe,data/fashion-dataset/images\7040.jpg
34862,Men,Footwear,Shoes,Casual Shoes,Grey,Summer,2012.0,Casual,Vans Men Zapato Del Barco Grey Shoes,data/fashion-dataset/images\34862.jpg
22167,Men,Footwear,Shoes,Casual Shoes,Brown,Fall,2012.0,Casual,Timberland Men Brown Casual Shoes,data/fashion-dataset/images\22167.jpg
21741,Unisex,Footwear,Shoes,Casual Shoes,White,Fall,2011.0,Casual,Vans Unisex Authentic Lo Pro White Casual Shoes,data/fashion-dataset/images\21741.jpg
47246,Men,Footwear,Shoes,Casual Shoes,Green,Summer,2013.0,Casual,Playboy Men Green Casual Shoes,data/fashion-dataset/images\47246.jpg
5699,Men,Footwear,Shoes,Casual Shoes,Black,Winter,2015.0,Casual,Skechers Men's Striking Black Shoe,data/fashion-dataset/images\5699.jpg
17747,Men,Footwear,Shoes,Casual Shoes,Black,Fall,2011.0,Casual,Puma Men Track Cat Black Casual Shoe,data/fashion-dataset/images\17747.jpg
4183,Men,Footwear,Shoes,Casual Shoes,Brown,Summer,2011.0,Casual,Rockport Men Brown Leather Casual Shoes,data/fashion-dataset/images\4183.jpg
11819,Men,Footwear,Shoes,Casual Shoes,Blue,Summer,2013.0,Casual,Playboy Men Casual Blue Casual Shoes,data/fashion-dataset/images\11819.jpg
17757,Men,Footwear,Shoes,Casual Shoes,Brown,Winter,2012.0,Casual,Buckaroo Men New Gemma Brown Casual Shoe,data/fashion-dataset/images\17757.jpg
18474,Men,Footwear,Shoes,Casual Shoes,White,Summer,2011.0,Casual,Puma Men Calcetto White Casual Shoes,data/fashion-dataset/images\18474.jpg
34088,Men,Footwear,Shoes,Casual Shoes,White,Summer,2012.0,Casual,Numero Uno Men White Shoes,data/fashion-dataset/images\34088.jpg
33531,Women,Footwear,Shoes,Casual Shoes,Black,Summer,2016.0,Casual,Cobblerz Women Black Loafers,data/fashion-dataset/images\33531.jpg
10627,Men,Footwear,Shoes,Casual Shoes,Brown,Winter,2012.0,Casual,Carlton London Men Brown Slip-On Shoes,data/fashion-dataset/images\10627.jpg
4068,Men,Footwear,Shoes,Casual Shoes,Brown,Summer,2011.0,Casual,Crocs Men's Tideline Canvas Khaki Shoe,data/fashion-dataset/images\4068.jpg
22865,Men,Footwear,Shoes,Casual Shoes,Khaki,Summer,2016.0,Casual,Woodland Men Khaki Casual Shoes,data/fashion-dataset/images\22865.jpg
38524,Men,Footwear,Shoes,Casual Shoes,White,Fall,2012.0,Casual,Puma Men White Surge Shoes,data/fashion-dataset/images\38524.jpg
34748,Women,Footwear,Shoes,Casual Shoes,Black,Summer,2012.0,Casual,Puma Women Soleil Cat Black Shoes,data/fashion-dataset/images\34748.jpg
24190,Unisex,Footwear,Shoes,Casual Shoes,White,Summer,2012.0,Casual,Converse Unisex Chuck Taylor White Casual Shoes,data/fashion-dataset/images\24190.jpg
39687,Men,Footwear,Shoes,Casual Shoes,White,Summer,2012.0,Casual,Lotto Men White Casual Shoes,data/fashion-dataset/images\39687.jpg
6799,Unisex,Footwear,Shoes,Casual Shoes,Yellow,Summer,2011.0,Casual,Converse Unisex Yellow Canvas Shoe,data/fashion-dataset/images\6799.jpg
22846,Men,Footwear,Shoes,Casual Shoes,Khaki,Summer,2012.0,Casual,Woodland Men Khaki Casual Shoes,data/fashion-dataset/images\22846.jpg
39274,Men,Footwear,Shoes,Casual Shoes,Tan,Winter,2018.0,Casual,Red Chief Men Tan Shoes,data/fashion-dataset/images\39274.jpg
26561,Men,Footwear,Shoes,Casual Shoes,Black,Fall,2012.0,Casual,Lee Cooper Men Black Shoes,data/fashion-dataset/images\26561.jpg
46884,Boys,Footwear,Shoes,Casual Shoes,Black,Fall,2012.0,Casual,Ben 10 Boys Black Casual Shoes,data/fashion-dataset/images\46884.jpg
23913,Men,Footwear,Shoes,Casual Shoes,Black,Winter,2015.0,Casual,Fila Men Cicadeo Black Casual Shoes,data/fashion-dataset/images\23913.jpg
20876,Men,Footwear,Shoes,Casual Shoes,Black,Summer,2012.0,Casual,Skechers Men Casual Black Shoes,data/fashion-dataset/images\20876.jpg
17768,Men,Footwear,Shoes,Casual Shoes,Brown,Winter,2012.0,Casual,Buckaroo Men New Amanda Brown Casual Shoe,data/fashion-dataset/images\17768.jpg
46102,Men,Footwear,Shoes,Casual Shoes,Green,Summer,2012.0,Casual,ADIDAS Men Green Lucent Shoes,data/fashion-dataset/images\46102.jpg
4134,Men,Footwear,Shoes,Casual Shoes,Navy Blue,Winter,2015.0,Casual,Skechers Men's Sparta Navy Black Shoe,data/fashion-dataset/images\4134.jpg
36952,Women,Footwear,Shoes,Casual Shoes,White,Summer,2012.0,Casual,Force 10 Women White Shoes,data/fashion-dataset/images\36952.jpg
39984,Men,Footwear,Shoes,Casual Shoes,Grey,Winter,2014.0,Casual,Gas Men Grey & Blue Tee Casual Shoes,data/fashion-dataset/images\39984.jpg
47643,Men,Footwear,Shoes,Casual Shoes,Brown,Winter,2014.0,Casual,Carlton London Men Light Brown Loafers,data/fashion-dataset/images\47643.jpg
26559,Men,Footwear,Shoes,Casual Shoes,Black,Summer,2012.0,Casual,Lee Cooper Men Black Shoes,data/fashion-dataset/images\26559.jpg
44937,Men,Footwear,Shoes,Casual Shoes,Brown,Summer,2012.0,Casual,Ganuchi Men Brown Shoes,data/fashion-dataset/images\44937.jpg
3640,Men,Footwear,Shoes,Casual Shoes,Black,Summer,2011.0,Casual,Fila Men's Universe HI Black Shoe,data/fashion-dataset/images\3640.jpg
32727,Unisex,Footwear,Shoes,Casual Shoes,Black,Summer,2012.0,Casual,Fila Unisex Skeletoes 2.0 Black Shoes,data/fashion-dataset/images\32727.jpg
1546,Men,Footwear,Shoes,Casual Shoes,White,Fall,2010.0,Casual,Puma Men's Furore White Shoe,data/fashion-dataset/images\1546.jpg
22840,Men,Footwear,Shoes,Casual Shoes,Brown,Summer,2012.0,Casual,Woodland Men Brown Casual Shoes,data/fashion-dataset/images\22840.jpg
24188,Unisex,Footwear,Shoes,Casual Shoes,Red,Summer,2012.0,Casual,Converse Unisex Chuck Taylor All Stars Red Casual Shoes,data/fashion-dataset/images\24188.jpg
55783,Men,Footwear,Shoes,Casual Shoes,Brown,Fall,2013.0,Casual,Converse Men Brown Casual Shoes,data/fashion-dataset/images\55783.jpg
6413,Unisex,Footwear,Shoes,Casual Shoes,Pink,Summer,2011.0,Casual,Lotto Unisex Canvas Pink Shoe,data/fashion-dataset/images\6413.jpg
12897,Men,Footwear,Shoes,Casual Shoes,White,Fall,2011.0,Casual,Puma Men Game Point White Casual Shoes,data/fashion-dataset/images\12897.jpg
22189,Men,Footwear,Shoes,Casual Shoes,Brown,Fall,2012.0,Casual,Timberland Men Brown Casual Shoes,data/fashion-dataset/images\22189.jpg
49375,Men,Footwear,Shoes,Casual Shoes,Black,Summer,2012.0,Casual,Vans Men Black Era Pro Shoes,data/fashion-dataset/images\49375.jpg
49497,Men,Footwear,Shoes,Casual Shoes,Navy Blue,Summer,2012.0,Casual,Vans Men Navy Blue Shoes,data/fashion-dataset/images\49497.jpg
24259,Men,Footwear,Shoes,Casual Shoes,Navy Blue,Fall,2012.0,Casual,Numero Uno Men Navy Blue Shoes,data/fashion-dataset/images\24259.jpg
22177,Men,Footwear,Shoes,Casual Shoes,Tan,Fall,2012.0,Casual,Timberland Men Tan Casual Shoes,data/fashion-dataset/images\22177.jpg
6410,Women,Footwear,Shoes,Casual Shoes,White,Summer,2011.0,Casual,Lotto Women Leisure White Blue Shoe,data/fashion-dataset/images\6410.jpg
37243,Men,Footwear,Shoes,Casual Shoes,Brown,Summer,2012.0,Casual,United Colors of Benetton Men Brown Shoes,data/fashion-dataset/images\37243.jpg
18478,Men,Footwear,Shoes,Casual Shoes,Navy Blue,Fall,2011.0,Casual,Puma Men Yacht Lifevest Navy Casual Shoes,data/fashion-dataset/images\18478.jpg
24482,Men,Footwear,Shoes,Casual Shoes,Black,Winter,2018.0,Casual,Red Tape Men Black Casual Shoes,data/fashion-dataset/images\24482.jpg
33846,Men,Footwear,Shoes,Casual Shoes,Black,Summer,2012.0,Casual,Puma Men Future Cat Black Shoes,data/fashion-dataset/images\33846.jpg
3790,Men,Footwear,Shoes,Casual Shoes,Black,Summer,2014.0,Casual,Converse Men's AS Canvas HI Black Shoe,data/fashion-dataset/images\3790.jpg
33768,Men,Footwear,Shoes,Casual Shoes,Tan,Summer,2012.0,Casual,ADIDAS Neo Men Utility Deck Tan Shoes,data/fashion-dataset/images\33768.jpg
4132,Men,Footwear,Shoes,Casual Shoes,Red,Summer,2011.0,Casual,Fila Men's Mustang Red Shoe,data/fashion-dataset/images\4132.jpg
8909,Unisex,Footwear,Shoes,Casual Shoes,Blue,Summer,2011.0,Casual,Puma Unisex Benecio Leather Drip Indigo Blue Casual Shoes,data/fashion-dataset/images\8909.jpg
13903,Men,Footwear,Shoes,Casual Shoes,White,Fall,2011.0,Casual,Nike Men Backboard White Casual Shoes,data/fashion-dataset/images\13903.jpg
14482,Men,Footwear,Shoes,Casual Shoes,Black,Fall,2011.0,Casual,Flying Machine Men Black Shoes,data/fashion-dataset/images\14482.jpg
54742,Men,Footwear,Shoes,Casual Shoes,Brown,Summer,2012.0,Casual,Vans Men Brown Shoes,data/fashion-dataset/images\54742.jpg
4455,Men,Footwear,Shoes,Casual Shoes,Brown,Summer,2011.0,Casual,ADIDAS Khaki Color Canvas Shoe,data/fashion-dataset/images\4455.jpg
49420,Men,Footwear,Shoes,Casual Shoes,Blue,Summer,2012.0,Casual,Vans Men Blue 106 Vulcanized Shoes,data/fashion-dataset/images\49420.jpg
12518,Men,Footwear,Shoes,Casual Shoes,Brown,Winter,2018.0,Casual,Red Tape Men Casual Brown Casual Shoes,data/fashion-dataset/images\12518.jpg
35671,Men,Footwear,Shoes,Casual Shoes,Blue,Spring,2013.0,Casual,U.S. Polo Assn. Men Blue Boat Shoes,data/fashion-dataset/images\35671.jpg
17963,Women,Footwear,Shoes,Casual Shoes,Black,Fall,2012.0,Casual,Puma Women Trinity Black Casual Shoes,data/fashion-dataset/images\17963.jpg
23679,Men,Footwear,Shoes,Casual Shoes,Black,Summer,2011.0,Casual,Red Tape Men Mocassins Black Casual Shoes,data/fashion-dataset/images\23679.jpg
13191,Men,Footwear,Shoes,Casual Shoes,Green,Fall,2011.0,Casual,Puma Men Eco ortholite Green Casual Shoes,data/fashion-dataset/images\13191.jpg
50751,Men,Footwear,Shoes,Casual Shoes,Mushroom Brown,Winter,2018.0,Casual,Red Chief Men Mushroom Brown Shoes,data/fashion-dataset/images\50751.jpg
15314,Men,Footwear,Shoes,Sports Shoes,White,Fall,2011.0,Sports,ADIDAS Men Ranger White Sports Shoes,data/fashion-dataset/images\15314.jpg
24455,Women,Footwear,Shoes,Sports Shoes,White,Summer,2012.0,Casual,Nike Women Court Majestic White Shoes,data/fashion-dataset/images\24455.jpg
22699,Men,Footwear,Shoes,Sports Shoes,Black,Summer,2011.0,Sports,Nike Men Ballista Black Sports Shoes,data/fashion-dataset/images\22699.jpg
5350,Men,Footwear,Shoes,Sports Shoes,White,Fall,2011.0,Sports,Artengo Artengo 522c Man Synthe,data/fashion-dataset/images\5350.jpg
34733,Women,Footwear,Shoes,Sports Shoes,Blue,Summer,2012.0,Sports,Puma Women Faas 300 Blue & Pink Sports Shoes,data/fashion-dataset/images\34733.jpg
42091,Women,Footwear,Shoes,Sports Shoes,Black,Summer,2012.0,Sports,ADIDAS Women Black Adi LS Move Shoes,data/fashion-dataset/images\42091.jpg
4484,Men,Footwear,Shoes,Sports Shoes,White,Summer,2011.0,Sports,Puma Men Kraftek White Silver Shoe,data/fashion-dataset/images\4484.jpg
34654,Men,Footwear,Shoes,Sports Shoes,Grey,Summer,2012.0,Sports,Fila Men Cerchi Lite Grey Sports Shoes,data/fashion-dataset/images\34654.jpg
34817,Men,Footwear,Shoes,Sports Shoes,Black,Summer,2012.0,Sports,ADIDAS Men Adizero Black Sports Shoes,data/fashion-dataset/images\34817.jpg
2197,Men,Footwear,Shoes,Sports Shoes,White,Fall,2010.0,Sports,ADIDAS Men's Stripe White Run Shoe,data/fashion-dataset/images\2197.jpg
25564,Men,Footwear,Shoes,Sports Shoes,White,Summer,2012.0,Sports,Fila Men Swift White Sports Shoes,data/fashion-dataset/images\25564.jpg
5471,Men,Footwear,Shoes,Sports Shoes,Red,Summer,2011.0,Sports,Nike Men's Air Force Red Shoe,data/fashion-dataset/images\5471.jpg
54540,Men,Footwear,Shoes,Sports Shoes,Grey,Fall,2012.0,Sports,F Sports Men Grey Gravity Sports Shoes,data/fashion-dataset/images\54540.jpg
1636,Men,Footwear,Shoes,Sports Shoes,White,Fall,2010.0,Sports,Nike Men Air Zoom Century Shoes,data/fashion-dataset/images\1636.jpg
7741,Men,Footwear,Shoes,Sports Shoes,Black,Fall,2011.0,Sports,Fila Men's Dna Lite Black Blue Shoe,data/fashion-dataset/images\7741.jpg
43371,Men,Footwear,Shoes,Sports Shoes,White,Summer,2012.0,Sports,Reebok Men White Acciomax III Sports Shoes,data/fashion-dataset/images\43371.jpg
23887,Men,Footwear,Shoes,Sports Shoes,Black,Summer,2012.0,Sports,Fila Men Clutch Black Sports Shoes,data/fashion-dataset/images\23887.jpg
43341,Men,Footwear,Shoes,Sports Shoes,Grey,Summer,2008.0,Sports,Reebok Men Realflex Optimal Grey Sports Shoe,data/fashion-dataset/images\43341.jpg
11933,Women,Footwear,Shoes,Sports Shoes,Grey,Fall,2011.0,Sports,Skechers Women Sports Grey Sports Shoes,data/fashion-dataset/images\11933.jpg
6643,Women,Footwear,Shoes,Sports Shoes,Pink,Summer,2011.0,Sports,Nike Women's Transform III IN Black Pink Shoe,data/fashion-dataset/images\6643.jpg
17845,Men,Footwear,Shoes,Sports Shoes,White,Fall,2011.0,Sports,Nike Men T90 Shoot I\/ HG-B White Sports Shoe,data/fashion-dataset/images\17845.jpg
15415,Women,Footwear,Shoes,Sports Shoes,Black,Fall,2011.0,Sports,FILA Women Tenet Black Sports Shoes,data/fashion-dataset/images\15415.jpg
9109,Unisex,Footwear,Shoes,Sports Shoes,Black,Summer,2012.0,Sports,Puma Unisex Faas 300 Black Sports Shoes,data/fashion-dataset/images\9109.jpg
44232,Men,Footwear,Shoes,Sports Shoes,White,Summer,2012.0,Sports,Nike Men Air Max Turbulence+ 18 White Sports Shoes,data/fashion-dataset/images\44232.jpg
19941,Men,Footwear,Shoes,Sports Shoes,Black,Fall,2011.0,Sports,Nike Men Court Majestic Black Sports Shoes,data/fashion-dataset/images\19941.jpg
5579,Men,Footwear,Shoes,Sports Shoes,Black,Summer,2012.0,Sports,ADIDAS Men's Coleman Black Shoe,data/fashion-dataset/images\5579.jpg
24416,Men,Footwear,Shoes,Sports Shoes,White,Summer,2012.0,Sports,ADIDAS Men Opticourt Ligra White Sports Shoes,data/fashion-dataset/images\24416.jpg
13198,Men,Footwear,Shoes,Sports Shoes,Blue,Fall,2011.0,Sports,ASICS Men Gel DS Sky Speed 2 Running Blue Sports Shoes,data/fashion-dataset/images\13198.jpg
24412,Men,Footwear,Shoes,Sports Shoes,Black,Summer,2012.0,Sports,ADIDAS  Men Smoove Black Sports Shoes,data/fashion-dataset/images\24412.jpg
1785,Men,Footwear,Shoes,Sports Shoes,White,Fall,2010.0,Sports,Lotto Men Brighton White-Blue Shoe,data/fashion-dataset/images\1785.jpg
13167,Men,Footwear,Shoes,Sports Shoes,Black,Fall,2011.0,Sports,Skechers Men Prospeed Black Sports Shoes,data/fashion-dataset/images\13167.jpg
18412,Men,Footwear,Shoes,Sports Shoes,White,Fall,2011.0,Sports,Skechers MenShape-Ups White Shoe,data/fashion-dataset/images\18412.jpg
24419,Men,Footwear,Shoes,Sports Shoes,White,Summer,2012.0,Sports,ADIDAS Men Barracks Premier White Sports Shoes,data/fashion-dataset/images\24419.jpg
39638,Men,Footwear,Shoes,Sports Shoes,White,Summer,2012.0,Sports,Lotto Men White Sports Shoes,data/fashion-dataset/images\39638.jpg
42995,Women,Footwear,Shoes,Sports Shoes,Black,Summer,2012.0,Sports,Nike Women Black Air Total Sports Shoes,data/fashion-dataset/images\42995.jpg
4523,Men,Footwear,Shoes,Sports Shoes,Blue,Summer,2011.0,Sports,Puma Men's Faas Blue White Silver Red Shoe,data/fashion-dataset/images\4523.jpg
22713,Women,Footwear,Shoes,Sports Shoes,Grey,Fall,2011.0,Sports,Nike Women Grey Air Max +2011 Sports Shoes,data/fashion-dataset/images\22713.jpg
22542,Men,Footwear,Shoes,Sports Shoes,White,Fall,2009.0,Sports,Lotto  Kids-Boy Jumper  White Sports Shoes,data/fashion-dataset/images\22542.jpg
26327,Men,Footwear,Shoes,Sports Shoes,White,Summer,2012.0,Sports,ADIDAS Men Runner White & Blue Sports Shoes,data/fashion-dataset/images\26327.jpg
26612,Men,Footwear,Shoes,Sports Shoes,Black,Summer,2012.0,Sports,Puma Men Cell Turin Perf 2 Black Sports Shoes,data/fashion-dataset/images\26612.jpg
1827,Men,Footwear,Shoes,Sports Shoes,White,Fall,2010.0,Sports,Nike Men's Downshifter White/Blue Shoe,data/fashion-dataset/images\1827.jpg
5390,Unisex,Footwear,Shoes,Sports Shoes,Grey,,2011.0,Sports,Kalenji Kapteren 100 Grey Orang,data/fashion-dataset/images\5390.jpg
5239,Men,Footwear,Shoes,Sports Shoes,White,Summer,2011.0,Sports,Reebok Men's Zigfuel White Shoe,data/fashion-dataset/images\5239.jpg
59015,Men,Footwear,Shoes,Sports Shoes,Grey,Summer,2012.0,Sports,Skechers Men Grey Sports Shoes,data/fashion-dataset/images\59015.jpg
14334,Men,Footwear,Shoes,Sports Shoes,White,Fall,2011.0,Sports,Nike Men Lunarglide +3 White Sports Shoes,data/fashion-dataset/images\14334.jpg
23864,Men,Footwear,Shoes,Sports Shoes,White,Summer,2011.0,Sports,ADIDAS Men White Ambition Sports Shoes,data/fashion-dataset/images\23864.jpg
31944,Women,Footwear,Shoes,Sports Shoes,White,Summer,2012.0,Sports,Nike Women Court Shuttle IV White Sports Shoes,data/fashion-dataset/images\31944.jpg
43001,Men,Footwear,Shoes,Sports Shoes,White,Summer,2012.0,Sports,Nike Men White Lunarswift Sports Shoes,data/fashion-dataset/images\43001.jpg
35932,Men,Footwear,Shoes,Sports Shoes,Black,Summer,2012.0,Sports,Salomon Men X-Tracks GTX Black Sports Shoes,data/fashion-dataset/images\35932.jpg
14345,Men,Footwear,Shoes,Sports Shoes,Grey,Fall,2011.0,Sports,Nike Men Free Run +2 Grey Sports Shoes,data/fashion-dataset/images\14345.jpg
9014,Men,Footwear,Shoes,Sports Shoes,White,Summer,2011.0,Sports,Decathlon Men Artengo White Shoe,data/fashion-dataset/images\9014.jpg
25411,Men,Footwear,Shoes,Sports Shoes,White,Summer,2012.0,Sports,Nike Men 2.04 White Sports Shoes,data/fashion-dataset/images\25411.jpg
35777,Men,Footwear,Shoes,Sports Shoes,Black,Summer,2012.0,Sports,Force 10 Men Black & Green Sports Shoes,data/fashion-dataset/images\35777.jpg
8093,Men,Footwear,Shoes,Sports Shoes,White,Fall,2011.0,Sports,ADIDAS Men Barricade Team White Sports Shoes,data/fashion-dataset/images\8093.jpg
22983,Men,Footwear,Shoes,Sports Shoes,Black,Fall,2011.0,Sports,FILA Men Black Temptation Sports Shoes,data/fashion-dataset/images\22983.jpg
12977,Men,Footwear,Shoes,Sports Shoes,Black,Fall,2011.0,Sports,ADIDAS Men Marathon Black Sports Shoes,data/fashion-dataset/images\12977.jpg
41840,Women,Footwear,Shoes,Sports Shoes,White,Summer,2012.0,Sports,Skechers Women White Sports Shoes,data/fashion-dataset/images\41840.jpg
4569,Men,Footwear,Shoes,Sports Shoes,White,Summer,2011.0,Sports,Nike Men's Collect White Shoe,data/fashion-dataset/images\4569.jpg
36447,Men,Footwear,Shoes,Sports Shoes,White,Summer,2012.0,Sports,Spinn Men Orbit White Sports Shoes,data/fashion-dataset/images\36447.jpg
13915,Men,Footwear,Shoes,Sports Shoes,White,Fall,2011.0,Sports,Nike Men 2.04 SL White Sports Shoes,data/fashion-dataset/images\13915.jpg
3310,Women,Footwear,Shoes,Sports Shoes,White,Spring,2011.0,Sports,Asics Women Gel Cushioning White Pink Lime Shoe,data/fashion-dataset/images\3310.jpg
9396,Women,Footwear,Shoes,Sports Shoes,Black,Fall,2011.0,Sports,Nike Women Wmns Lun Black Sports Shoes,data/fashion-dataset/images\9396.jpg
2967,Men,Footwear,Shoes,Sports Shoes,Black,Fall,2010.0,Sports,Puma Men's Mid Pixel Black & Silver Canvas Shoe,data/fashion-dataset/images\2967.jpg
26620,Men,Footwear,Shoes,Sports Shoes,Black,Summer,2012.0,Sports,Puma Men Kevler Runner Black Sports Shoes,data/fashion-dataset/images\26620.jpg
29241,Men,Footwear,Shoes,Sports Shoes,White,Summer,2012.0,Sports,ADIDAS Men Advent White Sports Shoes,data/fashion-dataset/images\29241.jpg
7600,Women,Footwear,Shoes,Sports Shoes,White,Summer,2011.0,Sports,Nike Women's City Cou White Shoe,data/fashion-dataset/images\7600.jpg
5571,Men,Footwear,Shoes,Sports Shoes,White,Summer,2011.0,Sports,ADIDAS Men's Makis White Shoe,data/fashion-dataset/images\5571.jpg
41437,Men,Footwear,Shoes,Sports Shoes,White,Fall,2012.0,Sports,Lee Cooper Men White Sports Shoes,data/fashion-dataset/images\41437.jpg
34637,Men,Footwear,Shoes,Sports Shoes,White,Summer,2012.0,Sports,Lotto Men Vienna III White Sports Shoes,data/fashion-dataset/images\34637.jpg
40480,Men,Footwear,Shoes,Sports Shoes,White,Summer,2012.0,Sports,Fila Men Blue Ultralite Sports Shoes,data/fashion-dataset/images\40480.jpg
4642,Women,Footwear,Shoes,Sports Shoes,White,Summer,2011.0,Sports,ADIDAS Women Adi Monter Low White Green Shoe,data/fashion-dataset/images\4642.jpg
12959,Men,Footwear,Shoes,Sports Shoes,Black,Fall,2011.0,Sports,ADIDAS Men Sports Black Sports Shoes,data/fashion-dataset/images\12959.jpg
44235,Men,Footwear,Shoes,Sports Shoes,Blue,Summer,2012.0,Sports,Nike Men Air Max+ 2012 Blue Sports Shoes,data/fashion-dataset/images\44235.jpg
5735,Men,Footwear,Shoes,Sports Shoes,White,Summer,2011.0,Sports,Reebok Men's Dhoni Trainer White Gold Shoe,data/fashion-dataset/images\5735.jpg
1787,Men,Footwear,Shoes,Sports Shoes,White,Fall,2010.0,Sports,Lotto Men Court Logo White-Silver Shoe,data/fashion-dataset/images\1787.jpg
25412,Men,Footwear,Shoes,Sports Shoes,White,Summer,2012.0,Sports,Nike Men White Sports Shoes,data/fashion-dataset/images\25412.jpg
8082,Men,Footwear,Shoes,Sports Shoes,Black,Fall,2011.0,Sports,ADIDAS Men Predito Trx HG Black Sports Shoes,data/fashion-dataset/images\8082.jpg
19307,Men,Footwear,Shoes,Sports Shoes,Silver,Fall,2011.0,Sports,Nike Men Air Citius 2+ MSL White Sports Shoes,data/fashion-dataset/images\19307.jpg
32178,Men,Footwear,Shoes,Sports Shoes,White,Spring,2013.0,Sports,ADIDAS Men Vermont White Sports Shoes,data/fashion-dataset/images\32178.jpg
5384,Men,Footwear,Shoes,Sports Shoes,Beige,Summer,2011.0,Sports,Quechua Arpenaz Flex Man Beige,data/fashion-dataset/images\5384.jpg
42989,Women,Footwear,Shoes,Sports Shoes,Black,Summer,2012.0,Sports,Nike Women Black Fivekay Sports Shoes,data/fashion-dataset/images\42989.jpg
53874,Men,Footwear,Shoes,Sports Shoes,White,Fall,2012.0,Sports,Puma MenSpeeder Ind White Sports Shoes,data/fashion-dataset/images\53874.jpg
5353,Women,Footwear,Shoes,Sports Shoes,Blue,Fall,2011.0,Sports,Kalenji Ekiden 50 Women,data/fashion-dataset/images\5353.jpg
34831,Men,Footwear,Shoes,Sports Shoes,White,Summer,2012.0,Sports,ADIDAS Men Bolt White Sports Shoes,data/fashion-dataset/images\34831.jpg
10533,Men,Footwear,Shoes,Sports Shoes,Black,Fall,2011.0,Sports,New Balance MW631 Men Others Walking Black Sports Shoes,data/fashion-dataset/images\10533.jpg
8344,Men,Footwear,Shoes,Sports Shoes,White,Fall,2011.0,Sports,ADIDAS Men Derby II White Sports Shoes,data/fashion-dataset/images\8344.jpg
1541,Men,Footwear,Shoes,Sports Shoes,White,Fall,2010.0,Sports,Puma Men's Ballistic Spike White Green Shoe,data/fashion-dataset/images\1541.jpg
5248,Women,Footwear,Shoes,Sports Shoes,White,Summer,2011.0,Sports,Reebok Women Easytone Reenew White Red Shoe,data/fashion-dataset/images\5248.jpg
18905,Men,Footwear,Shoes,Sports Shoes,Black,Fall,2011.0,Sports,ADIDAS Men Response Cushion 20 Black Sports Shoes,data/fashion-dataset/images\18905.jpg
39634,Men,Footwear,Shoes,Sports Shoes,White,Summer,2012.0,Sports,Nike Men Overplay White Sports Shoes,data/fashion-dataset/images\39634.jpg
8075,Men,Footwear,Shoes,Sports Shoes,Black,Fall,2011.0,Sports,ADIDAS Men 3 Series Light Black Sports Shoes,data/fashion-dataset/images\8075.jpg
43360,Men,Footwear,Shoes,Sports Shoes,White,Summer,2012.0,Sports,Reebok Men White Ultimate Vibe Sports Shoes,data/fashion-dataset/images\43360.jpg
5365,Unisex,Footwear,Shoes,Sports Shoes,Green,,2011.0,Sports,Solognac Shoes Namib 200,data/fashion-dataset/images\5365.jpg
6631,Men,Footwear,Shoes,Sports Shoes,White,Summer,2011.0,Sports,ADIDAS Men's Spector White Shoe,data/fashion-dataset/images\6631.jpg
9134,Men,Footwear,Shoes,Sports Shoes,Black,Summer,2011.0,Sports,Puma Men Iknois 2XT Black Sports Shoes,data/fashion-dataset/images\9134.jpg
46215,Men,Footwear,Shoes,Sports Shoes,Orange,Summer,2012.0,Sports,ADIDAS Men Orange Sports Shoes,data/fashion-dataset/images\46215.jpg
42024,Men,Footwear,Shoes,Sports Shoes,Navy Blue,Summer,2012.0,Sports,ADIDAS Men Navy Blue Sukoi Shoes,data/fashion-dataset/images\42024.jpg
26592,Men,Footwear,Shoes,Sports Shoes,Black,Summer,2012.0,Sports,Puma Men Budoka Black Sports Shoes,data/fashion-dataset/images\26592.jpg
5373,Women,Footwear,Shoes,Sports Shoes,Pink,Summer,2011.0,Sports,Quechua Women Forclaz 50 Jr 10 Pink Shoes,data/fashion-dataset/images\5373.jpg
25415,Men,Footwear,Shoes,Sports Shoes,White,Summer,2012.0,Sports,Nike Men Air Impetus White Sports Shoes,data/fashion-dataset/images\25415.jpg
43349,Men,Footwear,Shoes,Sports Shoes,Black,Summer,2012.0,Sports,Reebok Men Black Premier Zigfly Nano Sports Shoes,data/fashion-dataset/images\43349.jpg
15740,Women,Footwear,Shoes,Sports Shoes,Grey,Fall,2011.0,Sports,Nike Women Air Relentless Grey Sports Shoes,data/fashion-dataset/images\15740.jpg
29257,Men,Footwear,Shoes,Sports Shoes,Grey,Summer,2012.0,Sports,ADIDAS Men Duramo 4M Grey Sports Shoes,data/fashion-dataset/images\29257.jpg
9105,Men,Footwear,Shoes,Sports Shoes,Black,Winter,2011.0,Sports,Puma Men Complete Vectana 2 Black Sports Shoes,data/fashion-dataset/images\9105.jpg
54536,Men,Footwear,Shoes,Sports Shoes,Grey,Fall,2012.0,Sports,F Sports Men Grey Deen Sports Shoes,data/fashion-dataset/images\54536.jpg
5348,Men,Footwear,Shoes,Sports Shoes,Maroon,Fall,2011.0,Sports,Quechua Forclaz  800 Trek Man,data/fashion-dataset/images\5348.jpg
10088,Men,Footwear,Shoes,Sports Shoes,Silver,Fall,2011.0,Sports,Reebok Men Racehound Silver Sports Shoes,data/fashion-dataset/images\10088.jpg
22491,Men,Footwear,Shoes,Sports Shoes,White,Fall,2011.0,Sports,ADIDAS Men Response Cushion 20 Sport Shoes,data/fashion-dataset/images\22491.jpg
39622,Men,Footwear,Shoes,Sports Shoes,White,Summer,2012.0,Sports,Nike Men Air Impel Leather Sports Shoes,data/fashion-dataset/images\39622.jpg
5401,Women,Footwear,Shoes,Sports Shoes,Blue,,2011.0,Sports,Kalenji Ekiden 100  Lady Blue 2011,data/fashion-dataset/images\5401.jpg
5038,Men,Footwear,Shoes,Sports Shoes,White,Summer,2011.0,Sports,Fila Men's Galliant White Shoe,data/fashion-dataset/images\5038.jpg
38663,Men,Footwear,Shoes,Sports Shoes,Black,Summer,2012.0,Sports,Nike Men Downshifter Black Sports Shoes,data/fashion-dataset/images\38663.jpg
46803,Men,Footwear,Shoes,Sports Shoes,White,Summer,2012.0,Sports,Nike Men White Sports Shoes,data/fashion-dataset/images\46803.jpg
29250,Men,Footwear,Shoes,Sports Shoes,White,Summer,2012.0,Sports,ADIDAS Men Puntero VII Trx HG White Sports Shoes,data/fashion-dataset/images\29250.jpg
21175,Men,Footwear,Shoes,Sports Shoes,White,Fall,2011.0,Sports,ADIDAS Men Lowell White Sports Shoe,data/fashion-dataset/images\21175.jpg
5406,Women,Footwear,Shoes,Sports Shoes,Blue,,2011.0,Sports,Kalenji Ekiden Blue Scratch 2011,data/fashion-dataset/images\5406.jpg
6745,Men,Footwear,Shoes,Sports Shoes,White,Summer,2011.0,Sports,Nike Men's Zoom Vomero White Shoe,data/fashion-dataset/images\6745.jpg
44234,Men,Footwear,Shoes,Sports Shoes,Black,Summer,2012.0,Sports,Nike Men Air Max+ 2012 Black Sports Shoes,data/fashion-dataset/images\44234.jpg
10082,Women,Footwear,Shoes,Sports Shoes,Grey,Fall,2011.0,Sports,Reebok Women Aviator Grey Sports Shoes,data/fashion-dataset/images\10082.jpg
24413,Men,Footwear,Shoes,Sports Shoes,White,Fall,2013.0,Sports,ADIDAS Men Swerve Str White Sports Shoes,data/fashion-dataset/images\24413.jpg
42181,Men,Footwear,Shoes,Sports Shoes,Silver,Summer,2012.0,Sports,Lotto Men Silver & Green Sports Shoes,data/fashion-dataset/images\42181.jpg
1784,Men,Footwear,Shoes,Sports Shoes,White,Fall,2010.0,Sports,Lotto Men's Melbourne White-Red Shoe,data/fashion-dataset/images\1784.jpg
31684,Men,Footwear,Shoes,Sports Shoes,White,Summer,2012.0,Sports,Nike Men Multicourt White Sports Shoes,data/fashion-dataset/images\31684.jpg
13166,Women,Footwear,Shoes,Sports Shoes,Silver,Fall,2011.0,Sports,Skechers Women Ultra Silver Sports Shoes,data/fashion-dataset/images\13166.jpg
5583,Men,Footwear,Shoes,Sports Shoes,Brown,Summer,2011.0,Sports,ADIDAS Men Adistreet Lux Brown Shoe,data/fashion-dataset/images\5583.jpg
5537,Men,Footwear,Shoes,Sports Shoes,Black,Summer,2011.0,Sports,Nike Men's Free Black White Shoe,data/fashion-dataset/images\5537.jpg
28656,Men,Footwear,Shoes,Sports Shoes,White,Summer,2012.0,Casual,Nike Men Air Quick Handle White Shoes,data/fashion-dataset/images\28656.jpg
54539,Men,Footwear,Shoes,Sports Shoes,Black,Fall,2012.0,Sports,F Sports Men Black Gravity Sports Shoes,data/fashion-dataset/images\54539.jpg
42984,Men,Footwear,Shoes,Sports Shoes,White,Summer,2012.0,Sports,Nike Men White Sports Shoes,data/fashion-dataset/images\42984.jpg
44612,Men,Footwear,Shoes,Sports Shoes,Blue,Spring,2013.0,Sports,Salomon Men Blue RX Prime Sports Shoes,data/fashion-dataset/images\44612.jpg
3660,Men,Footwear,Shoes,Sports Shoes,White,Summer,2011.0,Sports,Fila Men's Racer White Roy Shoe,data/fashion-dataset/images\3660.jpg
5577,Men,Footwear,Shoes,Sports Shoes,Grey,Summer,2011.0,Sports,Nike Men's Field Trainer Textile Grey Black White Shoe,data/fashion-dataset/images\5577.jpg
34632,Men,Footwear,Shoes,Sports Shoes,Grey,Summer,2012.0,Sports,Lotto Men Dolce Vita II Grey Sports Shoes,data/fashion-dataset/images\34632.jpg
17844,Men,Footwear,Shoes,Sports Shoes,White,Fall,2011.0,Sports,Nike Men Air Compel White Sports Shoe,data/fashion-dataset/images\17844.jpg
4562,Women,Footwear,Shoes,Sports Shoes,White,Summer,2011.0,Sports,Nike Women Capri White Shoe,data/fashion-dataset/images\4562.jpg
22952,Men,Footwear,Shoes,Sports Shoes,Grey,Summer,2012.0,Sports,Reebok Men Grey Real Flex Sports Shoes,data/fashion-dataset/images\22952.jpg
4490,Men,Footwear,Shoes,Sports Shoes,Silver,Summer,2011.0,Sports,Lotto Men Vienna Silver Shoe,data/fashion-dataset/images\4490.jpg
12954,Men,Footwear,Shoes,Sports Shoes,White,Fall,2011.0,Sports,ADIDAS Men Sports White Sports Shoes,data/fashion-dataset/images\12954.jpg
20886,Men,Footwear,Shoes,Sports Shoes,Black,Fall,2011.0,Sports,Reebok Men Speed mode Running Black Shoes,data/fashion-dataset/images\20886.jpg
44227,Men,Footwear,Shoes,Sports Shoes,Silver,Winter,2012.0,Sports,Nike Men Silver and Black Sports Shoes,data/fashion-dataset/images\44227.jpg
18593,Men,Footwear,Shoes,Sports Shoes,White,Fall,2011.0,Sports,Puma Men Volt White Sports Shoes,data/fashion-dataset/images\18593.jpg
3688,Men,Footwear,Shoes,Sports Shoes,Navy Blue,Summer,2011.0,Sports,Lotto Men's Bristol II Navy White Shoe,data/fashion-dataset/images\3688.jpg
4507,Men,Footwear,Shoes,Sports Shoes,White,Summer,2011.0,Sports,Lotto Men's Zurigo White Blue Shoe,data/fashion-dataset/images\4507.jpg
44762,Men,Footwear,Shoes,Sports Shoes,Black,Summer,2012.0,Sports,Globalite Men Black Startech Shoes,data/fashion-dataset/images\44762.jpg
17739,Women,Footwear,Shoes,Sports Shoes,White,Fall,2011.0,Sports,Puma Women Body Train White Sports Shoe,data/fashion-dataset/images\17739.jpg
35425,Men,Footwear,Shoes,Sports Shoes,White,Summer,2012.0,Sports,ADIDAS Men Twenty2yds Mid IV White Sports Shoes,data/fashion-dataset/images\35425.jpg
4563,Women,Footwear,Shoes,Sports Shoes,White,Summer,2011.0,Sports,Nike Women Cou White Shoe,data/fashion-dataset/images\4563.jpg
4657,Women,Footwear,Shoes,Sports Shoes,White,Summer,2011.0,Sports,ADIDAS Women Sprint Speed Low White Blue Shoe,data/fashion-dataset/images\4657.jpg
41827,Women,Footwear,Shoes,Sports Shoes,White,Summer,2012.0,Sports,Skechers Women White Sports Shoes,data/fashion-dataset/images\41827.jpg
5582,Men,Footwear,Shoes,Sports Shoes,White,Summer,2011.0,Sports,Nike Men's Main Draw White Red Shoe,data/fashion-dataset/images\5582.jpg
12691,Men,Footwear,Shoes,Sports Shoes,Grey,Fall,2011.0,Sports,Nike Men Dual Fusion Grey Sports Shoes,data/fashion-dataset/images\12691.jpg
54524,Men,Footwear,Shoes,Sports Shoes,Black,Fall,2012.0,Sports,F Sports Men Black Zero Gravity Sports Shoes,data/fashion-dataset/images\54524.jpg
5398,Men,Footwear,Shoes,Sports Shoes,Grey,,2011.0,Sports,Quechua Arpenaz Flex Novadry Grey,data/fashion-dataset/images\5398.jpg
23941,Men,Footwear,Shoes,Sports Shoes,White,Fall,2011.0,Sports,Lotto Men White Porteo Sports Shoes,data/fashion-dataset/images\23941.jpg
6644,Women,Footwear,Shoes,Sports Shoes,White,Summer,2011.0,Sports,Nike Women Transform III IN White Shoe,data/fashion-dataset/images\6644.jpg
4151,Men,Footwear,Shoes,Sports Shoes,Black,Summer,2011.0,Sports,Nike Men's Air Max Black Green Black Shoe,data/fashion-dataset/images\4151.jpg
5754,Men,Footwear,Shoes,Sports Shoes,White,Summer,2011.0,Sports,Reebok Men's World 10 White Shoe,data/fashion-dataset/images\5754.jpg
35428,Women,Footwear,Shoes,Sports Shoes,White,Summer,2012.0,Sports,ADIDAS Women Neptune White Sports Shoes,data/fashion-dataset/images\35428.jpg
28661,Men,Footwear,Shoes,Sports Shoes,Black,Summer,2012.0,Casual,Nike Men Air Max Full Court 2 Black Shoes,data/fashion-dataset/images\28661.jpg
5712,Men,Footwear,Shoes,Sports Shoes,Silver,Summer,2011.0,Sports,Reebok Men's Lochraven Silver Black Shoe,data/fashion-dataset/images\5712.jpg
34649,Women,Footwear,Shoes,Sports Shoes,Grey,Fall,2012.0,Sports,Fila Women Artifice Grey Sports Shoes,data/fashion-dataset/images\34649.jpg
38665,Men,Footwear,Shoes,Sports Shoes,Black,Summer,2012.0,Sports,Nike Men Lunarfly Black Sports Shoes,data/fashion-dataset/images\38665.jpg
5726,Men,Footwear,Shoes,Sports Shoes,Black,Summer,2011.0,Sports,Reebok Men's Zigfuel Black Yellow Shoe,data/fashion-dataset/images\5726.jpg
4445,Men,Footwear,Shoes,Sports Shoes,Black,Summer,2011.0,Sports,Nike Men's Dual Fusion Black Red Shoe,data/fashion-dataset/images\4445.jpg
10110,Women,Footwear,Shoes,Sports Shoes,White,Fall,2011.0,Sports,Reebok Women Instant White Sports Shoes,data/fashion-dataset/images\10110.jpg
33827,Men,Footwear,Shoes,Sports Shoes,White,Summer,2012.0,Sports,Puma Men Axis White Sports Shoes,data/fashion-dataset/images\33827.jpg
9395,Men,Footwear,Shoes,Sports Shoes,Black,Fall,2011.0,Sports,Nike Men Nike Lunareli +2 Black Sports Shoes,data/fashion-dataset/images\9395.jpg
34848,Men,Footwear,Shoes,Sports Shoes,Black,Summer,2012.0,Sports,ADIDAS Men Trx HG Black Sports Shoes,data/fashion-dataset/images\34848.jpg
28637,Men,Footwear,Shoes,Sports Shoes,Black,Summer,2012.0,Sports,Nike Men Air Relentless Black Sports Shoes,data/fashion-dataset/images\28637.jpg
12971,Women,Footwear,Shoes,Sports Shoes,Black,Fall,2011.0,Sports,ADIDAS Women Core 50 Black Sports Shoes,data/fashion-dataset/images\12971.jpg
8346,Men,Footwear,Shoes,Sports Shoes,White,Fall,2011.0,Sports,ADIDAS Men Slimsoll White Sports Shoes,data/fashion-dataset/images\8346.jpg
46090,Men,Footwear,Shoes,Sports Shoes,Black,Summer,2012.0,Sports,ADIDAS Men Black Adipure Sports Shoes,data/fashion-dataset/images\46090.jpg
6389,Men,Footwear,Shoes,Sports Shoes,White,Summer,2011.0,Sports,Puma Men's Urban Cat Cetto White Shoe,data/fashion-dataset/images\6389.jpg
46801,Men,Footwear,Shoes,Sports Shoes,Grey,Summer,2012.0,Sports,Nike Men Grey & White Sports Shoes,data/fashion-dataset/images\46801.jpg
35712,Men,Footwear,Shoes,Sports Shoes,Grey,Summer,2012.0,Sports,Nike Men Dual Fusion TR III Grey Sports Shoes,data/fashion-dataset/images\35712.jpg
5408,Unisex,Footwear,Shoes,Sports Shoes,Blue,Fall,2011.0,Sports,Quechua Wayta Jr Blue,data/fashion-dataset/images\5408.jpg
4267,Men,Footwear,Shoes,Sports Shoes,White,Summer,2011.0,Sports,Nike Men's Mercurial White Shoe,data/fashion-dataset/images\4267.jpg
43335,Men,Footwear,Shoes,Sports Shoes,Navy Blue,Summer,2012.0,Sports,Reebok Men Navy Blue Turbo DMX Shear Sports Shoes,data/fashion-dataset/images\43335.jpg
3239,Men,Footwear,Shoes,Sports Shoes,White,Fall,2010.0,Sports,Puma Men White 65CC Lo Ducati Sports Shoes,data/fashion-dataset/images\3239.jpg
10078,Men,Footwear,Shoes,Sports Shoes,White,Fall,2011.0,Sports,Reebok Men Speed Mode White Sports Shoes,data/fashion-dataset/images\10078.jpg
39906,Men,Footwear,Shoes,Sports Shoes,White,Summer,2012.0,Sports,ADIDAS Men White Phantom Sports Shoes,data/fashion-dataset/images\39906.jpg
4547,Men,Footwear,Shoes,Sports Shoes,White,Summer,2011.0,Sports,Nike Men's Egoli White Black Shoe,data/fashion-dataset/images\4547.jpg
5241,Men,Footwear,Shoes,Sports Shoes,Grey,Summer,2011.0,Sports,Reebok Men's Cruiseon Charcoal Grey Shoe,data/fashion-dataset/images\5241.jpg
39910,Men,Footwear,Shoes,Sports Shoes,Blue,Summer,2012.0,Sports,ADIDAS Men Blue & Red F10 Sports Shoes,data/fashion-dataset/images\39910.jpg
1951,Women,Footwear,Shoes,Sports Shoes,Purple,Fall,2011.0,Sports,Puma Women Eco Funky Shoes,data/fashion-dataset/images\1951.jpg
23505,Men,Footwear,Shoes,Sports Shoes,White,Summer,2011.0,Sports,FILA Men Aspire White Sports Shoes,data/fashion-dataset/images\23505.jpg
4576,Men,Footwear,Shoes,Sports Shoes,Grey,Summer,2011.0,Sports,Nike Men's Incinera Grey Shoe,data/fashion-dataset/images\4576.jpg
31978,Men,Footwear,Shoes,Sports Shoes,Grey,Summer,2012.0,Sports,Nike Men Lunarswift +3 Grey Sports Shoes,data/fashion-dataset/images\31978.jpg
51741,Men,Footwear,Shoes,Sports Shoes,Grey,Summer,2012.0,Sports,Force 10 Men Grey Sports Shoes,data/fashion-dataset/images\51741.jpg
10037,Men,Footwear,Shoes,Sports Shoes,Silver,Fall,2011.0,Sports,Reebok Men Premier ultra 8 U-form Silver Sports Shoes,data/fashion-dataset/images\10037.jpg
3303,Men,Footwear,Shoes,Sports Shoes,White,Spring,2012.0,Sports,Asics Men's Gel Kayano 17 White Lime Shoe,data/fashion-dataset/images\3303.jpg
19938,Men,Footwear,Shoes,Sports Shoes,White,Fall,2011.0,Sports,Nike Men Egoli TF White Sports Shoes,data/fashion-dataset/images\19938.jpg
8974,Men,Footwear,Shoes,Sports Shoes,Black,Fall,2011.0,Sports,Puma Men Drift Cat III NM Black Sports Shoes,data/fashion-dataset/images\8974.jpg
31209,Men,Footwear,Shoes,Sports Shoes,Black,Summer,2012.0,Sports,Nike Men Lunarglide Black Sports Shoes,data/fashion-dataset/images\31209.jpg
8092,Men,Footwear,Shoes,Sports Shoes,White,Fall,2011.0,Sports,ADIDAS Men Galaxy Elite White Sports Shoes,data/fashion-dataset/images\8092.jpg
5375,Women,Footwear,Shoes,Sports Shoes,Blue,Summer,2011.0,Sports,Quechua Jawar 5.0 Lady Blue,data/fashion-dataset/images\5375.jpg
12707,Men,Footwear,Shoes,Sports Shoes,White,Fall,2011.0,Sports,Nike Men Overplay White Sports Shoes,data/fashion-dataset/images\12707.jpg
25442,Men,Footwear,Shoes,Sports Shoes,Black,Summer,2012.0,Sports,Nike Men Dunk Low Black Sports Shoes,data/fashion-dataset/images\25442.jpg
25410,Men,Footwear,Shoes,Sports Shoes,Black,Summer,2012.0,Sports,Nike Men 2.04 Black Sports Shoes,data/fashion-dataset/images\25410.jpg
5476,Women,Footwear,Shoes,Sports Shoes,White,Summer,2011.0,Sports,Nike Women's Air Max Moto White Shoe,data/fashion-dataset/images\5476.jpg
7593,Men,Footwear,Shoes,Sports Shoes,White,Summer,2011.0,Sports,Nike Men Zoom Vapor 8 White Red Shoe,data/fashion-dataset/images\7593.jpg
6387,Men,Footwear,Shoes,Sports Shoes,Navy Blue,Summer,2011.0,Sports,Puma Men's Trim Mesh Navy White Shoe,data/fashion-dataset/images\6387.jpg
1841,Men,Footwear,Shoes,Sports Shoes,White,Fall,2010.0,Sports,Puma Men's Calibre Convertible Spike Shoe,data/fashion-dataset/images\1841.jpg
26614,Men,Footwear,Shoes,Sports Shoes,Black,Summer,2012.0,Sports,Puma Men Complete Itana 2 Black Sports Shoes,data/fashion-dataset/images\26614.jpg
15745,Women,Footwear,Shoes,Sports Shoes,Silver,Summer,2012.0,Sports,Nike Women Transform III Silver Sports Shoes,data/fashion-dataset/images\15745.jpg
25418,Men,Footwear,Shoes,Sports Shoes,White,Spring,2013.0,Sports,Nike Men Ballista White Sports Shoes,data/fashion-dataset/images\25418.jpg
26649,Men,Footwear,Shoes,Sports Shoes,Grey,Summer,2012.0,Sports,Puma Men TX-3 Grey & Blue Sports Shoes,data/fashion-dataset/images\26649.jpg
10126,Men,Footwear,Shoes,Sports Shoes,White,Fall,2011.0,Sports,Reebok Men Runtone Action White Sports Shoes,data/fashion-dataset/images\10126.jpg
36219,Women,Footwear,Shoes,Sports Shoes,Grey,Summer,2012.0,Sports,Nike Women Air Pegasus Grey & Blue Sports Shoes,data/fashion-dataset/images\36219.jpg
38674,Men,Footwear,Shoes,Sports Shoes,White,Summer,2012.0,Sports,Nike Men Dual Fusion White Sports Shoes,data/fashion-dataset/images\38674.jpg
22711,Men,Footwear,Shoes,Sports Shoes,Grey,Fall,2011.0,Sports,Nike Men Lunarfly+2 Grey Sports Shoes,data/fashion-dataset/images\22711.jpg
24424,Men,Footwear,Shoes,Sports Shoes,White,Summer,2012.0,Sports,ADIDAS Men Vanquish 5 White Sports Shoes,data/fashion-dataset/images\24424.jpg
53438,Men,Footwear,Shoes,Sports Shoes,Black,Summer,2012.0,Sports,ADIDAS Men Black Sports Shoes,data/fashion-dataset/images\53438.jpg
4153,Men,Footwear,Shoes,Sports Shoes,Black,Summer,2011.0,Sports,Nike Men's Sweet Classic Black White Shoe,data/fashion-dataset/images\4153.jpg
4044,Men,Footwear,Shoes,Sports Shoes,Silver,Summer,2011.0,Sports,ADIDAS Men's Snova Glide 3M White Silver Shoe,data/fashion-dataset/images\4044.jpg
18419,Men,Footwear,Shoes,Sports Shoes,Black,Fall,2011.0,Sports,Skechers Men Shape-Ups Black Shoe,data/fashion-dataset/images\18419.jpg
23842,Men,Footwear,Shoes,Sports Shoes,White,Fall,2011.0,Sports,ADIDAS Men White Resp Cushion Sports Shoes,data/fashion-dataset/images\23842.jpg
41435,Men,Footwear,Shoes,Sports Shoes,White,Fall,2012.0,Sports,Lee Cooper Men White Sports Shoes,data/fashion-dataset/images\41435.jpg
15714,Men,Footwear,Shoes,Sports Shoes,Black,Fall,2011.0,Sports,Nike Men Free Run+ 2 Black Sports Shoes,data/fashion-dataset/images\15714.jpg
31955,Men,Footwear,Shoes,Sports Shoes,Black,Summer,2012.0,Sports,Nike Men Zoom Elite Black Sports Shoes,data/fashion-dataset/images\31955.jpg
5379,Men,Footwear,Shoes,Sports Shoes,Beige,Summer,2011.0,Sports,Quechua Arpenaz 50 Man 10 Beige,data/fashion-dataset/images\5379.jpg
6667,Women,Footwear,Shoes,Sports Shoes,Black,Summer,2011.0,Sports,Nike Women's Ballista II Black Silver Shoe,data/fashion-dataset/images\6667.jpg
31953,Men,Footwear,Shoes,Sports Shoes,White,Summer,2012.0,Sports,Nike Men T-lite White Sports Shoes,data/fashion-dataset/images\31953.jpg
34735,Men,Footwear,Shoes,Sports Shoes,Black,Summer,2012.0,Sports,Puma Men Faas Steady Power Black Sports Shoes,data/fashion-dataset/images\34735.jpg
40472,Men,Footwear,Shoes,Sports Shoes,Black,Fall,2012.0,Sports,Fila Men Black Dls Supercharger Sports Shoes,data/fashion-dataset/images\40472.jpg
9136,Men,Footwear,Shoes,Sports Shoes,Black,Summer,2011.0,Sports,Puma Men Iknois 2 XT Black Sports Shoes,data/fashion-dataset/images\9136.jpg
26374,Men,Footwear,Shoes,Sports Shoes,White,Fall,2012.0,Casual,Fila Men Drake White Sports Shoes,data/fashion-dataset/images\26374.jpg
4342,Men,Footwear,Shoes,Sports Shoes,Black,Summer,2011.0,Sports,Fila Men's Phoenix Black White Shoe,data/fashion-dataset/images\4342.jpg
4638,Women,Footwear,Shoes,Sports Shoes,White,Summer,2011.0,Sports,ADIDAS Women Phantom Low Pink Grey White Shoe,data/fashion-dataset/images\4638.jpg
9121,Men,Footwear,Shoes,Sports Shoes,Brown,Summer,2013.0,Casual,Puma Men Yacht L Brown Casual Shoes,data/fashion-dataset/images\9121.jpg
43002,Men,Footwear,Shoes,Sports Shoes,Grey,Summer,2012.0,Sports,Nike Men Grey Lunarswift Sports Shoes,data/fashion-dataset/images\43002.jpg
3301,Women,Footwear,Shoes,Sports Shoes,White,Spring,2011.0,Sports,Asics Women Gel Cushioning White Pink Shoe,data/fashion-dataset/images\3301.jpg
5568,Women,Footwear,Shoes,Sports Shoes,White,Summer,2011.0,Sports,Nike Women's Free Everyday White Orange Shoe,data/fashion-dataset/images\5568.jpg
13168,Women,Footwear,Shoes,Sports Shoes,Grey,Fall,2011.0,Sports,Skechers Women Smart Grey Sports Shoes,data/fashion-dataset/images\13168.jpg
13648,Men,Footwear,Shoes,Sports Shoes,Silver,Fall,2011.0,Sports,ADIDAS Silver Astar ride 3M Sports Shoe,data/fashion-dataset/images\13648.jpg
9203,Men,Footwear,Shoes,Sports Shoes,Black,Fall,2011.0,Sports,Puma Men Axis XT Black Shoes,data/fashion-dataset/images\9203.jpg
26683,Men,Footwear,Shoes,Sports Shoes,White,Summer,2012.0,Sports,Puma Men Silly Point White Sports Shoes,data/fashion-dataset/images\26683.jpg
3161,Men,Footwear,Shoes,Sports Shoes,White,Summer,2011.0,Sports,Nike Men's Air Citius MSL White Grey Shoe,data/fashion-dataset/images\3161.jpg
13680,Men,Footwear,Shoes,Sports Shoes,White,Fall,2011.0,Sports,ADIDAS Men Athlos Sports Shoes,data/fashion-dataset/images\13680.jpg
15723,Women,Footwear,Shoes,Sports Shoes,White,Spring,2013.0,Sports,Nike Women Ballista II White Sports Shoes,data/fashion-dataset/images\15723.jpg
13991,Women,Footwear,Shoes,Sports Shoes,Black,Fall,2011.0,Sports,Puma Women Body Train Black Sports Shoes,data/fashion-dataset/images\13991.jpg
39635,Men,Footwear,Shoes,Sports Shoes,Black,Summer,2012.0,Sports,Nike Men Kukini Black Sports Shoes,data/fashion-dataset/images\39635.jpg
5352,Men,Footwear,Shoes,Sports Shoes,Black,Summer,2011.0,Sports,Kalenji Dt. Newfeel Strap Black 09,data/fashion-dataset/images\5352.jpg
8085,Women,Footwear,Shoes,Sports Shoes,Silver,Fall,2011.0,Sports,ADIDAS Women Vanquish5 Silver Sports Shoes,data/fashion-dataset/images\8085.jpg
25477,Men,Footwear,Shoes,Sports Shoes,Grey,Summer,2012.0,Sports,Nike Men Lunarfly +3 Grey Sports Shoes,data/fashion-dataset/images\25477.jpg
5349,Men,Footwear,Shoes,Sports Shoes,White,Fall,2011.0,Sports,Artengo 522 C Men Whit Blue 09,data/fashion-dataset/images\5349.jpg
4470,Men,Footwear,Shoes,Sports Shoes,White,Summer,2011.0,Sports,Puma Men's Complete Vectana White Sliver Black Shoe,data/fashion-dataset/images\4470.jpg
33823,Women,Footwear,Shoes,Sports Shoes,Grey,Summer,2012.0,Sports,Puma Women Axis Grey Sports Shoes,data/fashion-dataset/images\33823.jpg
8091,Men,Footwear,Shoes,Sports Shoes,White,Fall,2011.0,Sports,ADIDAS Men Galaxy Elite White Sports Shoes,data/fashion-dataset/images\8091.jpg
9398,Men,Footwear,Shoes,Sports Shoes,Black,Fall,2011.0,Sports,Nike Men Lunarfly Black Sports Shoes,data/fashion-dataset/images\9398.jpg
36832,Women,Apparel,Topwear,Kurtas,Green,Summer,2012.0,Ethnic,Vishudh Women Green White & Green Kurta,data/fashion-dataset/images\36832.jpg
58658,Women,Apparel,Topwear,Kurtas,Green,Summer,2012.0,Ethnic,ALayna Women Green Kurta,data/fashion-dataset/images\58658.jpg
12789,Women,Apparel,Topwear,Kurtas,White,Fall,2011.0,Ethnic,Mother Earth Women Sajiya Collt White Kurtas,data/fashion-dataset/images\12789.jpg
22031,Women,Apparel,Topwear,Kurtas,Blue,Fall,2011.0,Ethnic,Vishudh Women Printed Blue Kurta,data/fashion-dataset/images\22031.jpg
39452,Women,Apparel,Topwear,Kurtas,Blue,Summer,2012.0,Ethnic,Diva Women Printed Blue Kurta,data/fashion-dataset/images\39452.jpg
12089,Women,Apparel,Topwear,Kurtas,Brown,Fall,2011.0,Ethnic,W Women Brown Printed Kurta,data/fashion-dataset/images\12089.jpg
52100,Women,Apparel,Topwear,Kurtas,Red,Summer,2012.0,Ethnic,Myntra Women Red Printed Kurta,data/fashion-dataset/images\52100.jpg
59369,Women,Apparel,Topwear,Kurtas,Black,Summer,2012.0,Ethnic,Vishudh Women Black & White Kurta,data/fashion-dataset/images\59369.jpg
31698,Women,Apparel,Topwear,Kurtas,Pink,Summer,2012.0,Ethnic,Folklore Women Printed Pink Kurta,data/fashion-dataset/images\31698.jpg
58645,Women,Apparel,Topwear,Kurtas,White,Summer,2012.0,Ethnic,ALayna Women Printed White Kurta,data/fashion-dataset/images\58645.jpg
22052,Women,Apparel,Topwear,Kurtas,Maroon,Fall,2011.0,Ethnic,Vishudh Women Printed Maroon Kurta,data/fashion-dataset/images\22052.jpg
11616,Women,Apparel,Topwear,Kurtas,Green,Summer,2011.0,Ethnic,W Women Solid Green Kurtas,data/fashion-dataset/images\11616.jpg
58666,Women,Apparel,Topwear,Kurtas,Navy Blue,Summer,2012.0,Ethnic,ALayna Women Navy Blue Kurta,data/fashion-dataset/images\58666.jpg
39173,Women,Apparel,Topwear,Kurtas,Red,Summer,2012.0,Ethnic,Aneri Women Red Kurta,data/fashion-dataset/images\39173.jpg
24533,Women,Apparel,Topwear,Kurtas,Pink,Fall,2011.0,Ethnic,Mother Earth Women Pink Printed Kurta,data/fashion-dataset/images\24533.jpg
18274,Women,Apparel,Topwear,Kurtas,Purple,Fall,2011.0,Ethnic,Aneri Women Niti Purple Kurta,data/fashion-dataset/images\18274.jpg
28965,Women,Apparel,Topwear,Kurtas,White,Summer,2012.0,Ethnic,BIBA Women Ethnic White Kurta,data/fashion-dataset/images\28965.jpg
11564,Women,Apparel,Topwear,Kurtas,Purple,Summer,2011.0,Ethnic,W Women Printed Purple  Kurtas,data/fashion-dataset/images\11564.jpg
39166,Women,Apparel,Topwear,Kurtas,Black,Summer,2012.0,Ethnic,Aneri Women Black & White Printed Kurta,data/fashion-dataset/images\39166.jpg
18273,Women,Apparel,Topwear,Kurtas,Blue,Fall,2011.0,Ethnic,Aneri Women Niti Blue Kurta,data/fashion-dataset/images\18273.jpg
21926,Women,Apparel,Topwear,Kurtas,Blue,Fall,2011.0,Ethnic,BIBA Women Printed Blue Kurta,data/fashion-dataset/images\21926.jpg
12061,Women,Apparel,Topwear,Kurtas,White,Fall,2011.0,Ethnic,W Women Printed White Kurtas,data/fashion-dataset/images\12061.jpg
11613,Women,Apparel,Topwear,Kurtas,Blue,Summer,2011.0,Ethnic,W Women Solid Teal Blue Kurtas,data/fashion-dataset/images\11613.jpg
40634,Women,Apparel,Topwear,Kurtas,Red,Summer,2012.0,Ethnic,Span Women Red Kurta,data/fashion-dataset/images\40634.jpg
24380,Women,Apparel,Topwear,Kurtas,Purple,Fall,2011.0,Ethnic,Folklore Women Purple Printed Kurta,data/fashion-dataset/images\24380.jpg
22779,Women,Apparel,Topwear,Kurtas,Orange,Summer,2011.0,Ethnic,BIBA Women Printed Orange Kurta,data/fashion-dataset/images\22779.jpg
22016,Women,Apparel,Topwear,Kurtas,Black,Fall,2011.0,Ethnic,BIBA Women Sequin Black Kurta,data/fashion-dataset/images\22016.jpg
28717,Women,Apparel,Topwear,Kurtas,Purple,Summer,2012.0,Ethnic,W Women Printed Purple Kurta,data/fashion-dataset/images\28717.jpg
11626,Women,Apparel,Topwear,Kurtas,Purple,Summer,2011.0,Ethnic,W Women Printed Purple Kurtas,data/fashion-dataset/images\11626.jpg
59382,Women,Apparel,Topwear,Kurtas,Blue,Summer,2012.0,Ethnic,Vishudh Women Blue Printed Kurta,data/fashion-dataset/images\59382.jpg
42424,Women,Apparel,Topwear,Kurtas,Blue,Summer,2012.0,Ethnic,Aurelia Women Blue Kurta,data/fashion-dataset/images\42424.jpg
27289,Women,Apparel,Topwear,Kurtas,Grey,Fall,2011.0,Ethnic,Mother Earth Women Striped Grey Kurta,data/fashion-dataset/images\27289.jpg
42681,Women,Apparel,Topwear,Kurtas,Blue,Summer,2012.0,Ethnic,Alma Women Blue Kurta,data/fashion-dataset/images\42681.jpg
11807,Women,Apparel,Topwear,Kurtas,Blue,Fall,2011.0,Ethnic,Vishudh Women Cotton Silk Blue Kurtas,data/fashion-dataset/images\11807.jpg
19087,Women,Apparel,Topwear,Kurtas,Off White,Fall,2011.0,Ethnic,W Women Gathered Design Off White Kurta,data/fashion-dataset/images\19087.jpg
39151,Women,Apparel,Topwear,Kurtas,Green,Summer,2012.0,Ethnic,Aneri Women Green & Brown Printed Kurta,data/fashion-dataset/images\39151.jpg
32232,Women,Apparel,Topwear,Kurtas,Blue,Summer,2012.0,Ethnic,Fabindia Women Printed Blue Kurta,data/fashion-dataset/images\32232.jpg
59362,Women,Apparel,Topwear,Kurtas,White,Summer,2012.0,Ethnic,Vishudh Women White Printed Kurta,data/fashion-dataset/images\59362.jpg
31308,Women,Apparel,Topwear,Kurtas,Black,Summer,2012.0,Ethnic,W Women Black Kurta,data/fashion-dataset/images\31308.jpg
23230,Women,Apparel,Topwear,Kurtas,Blue,Fall,2011.0,Ethnic,Aneri Women Blue Checks Kurta,data/fashion-dataset/images\23230.jpg
28727,Women,Apparel,Topwear,Kurtas,Cream,Summer,2012.0,Ethnic,W Women Printed Cream Kurta,data/fashion-dataset/images\28727.jpg
22063,Women,Apparel,Topwear,Kurtas,White,Fall,2011.0,Ethnic,Vishudh Women Printed White and Navy Blue Kurta,data/fashion-dataset/images\22063.jpg
24151,Women,Apparel,Topwear,Kurtas,Black,Fall,2011.0,Ethnic,Aurelia Women Black Printed Kurta,data/fashion-dataset/images\24151.jpg
42533,Women,Apparel,Topwear,Kurtas,Blue,Fall,2012.0,Ethnic,Mother Earth Women Blue Printed Kurta,data/fashion-dataset/images\42533.jpg
32228,Women,Apparel,Topwear,Kurtas,Mustard,Summer,2012.0,Ethnic,Fabindia Women Printed Mustard Kurta,data/fashion-dataset/images\32228.jpg
12080,Women,Apparel,Topwear,Kurtas,Yellow,Fall,2011.0,Ethnic,W Women Printed Yellow Kurtas,data/fashion-dataset/images\12080.jpg
59918,Women,Apparel,Topwear,Kurtas,Multi,Summer,2012.0,Ethnic,Diva Women Multi Coloured Kurta,data/fashion-dataset/images\59918.jpg
43269,Women,Apparel,Topwear,Kurtas,Pink,Summer,2012.0,Ethnic,Aneri Women Pink Kurta,data/fashion-dataset/images\43269.jpg
39183,Women,Apparel,Topwear,Kurtas,Multi,Summer,2012.0,Ethnic,Aneri Women Multi Coloured Kurta,data/fashion-dataset/images\39183.jpg
53427,Women,Apparel,Topwear,Kurtas,White,Fall,2012.0,Ethnic,Alma Women White Printed Kurta,data/fashion-dataset/images\53427.jpg
21885,Women,Apparel,Topwear,Kurtas,Green,Fall,2011.0,Ethnic,BIBA Women Printed Green Kurta,data/fashion-dataset/images\21885.jpg
11606,Women,Apparel,Topwear,Kurtas,Grey,Summer,2011.0,Ethnic,W Women Solid Grey Kurtas,data/fashion-dataset/images\11606.jpg
36830,Women,Apparel,Topwear,Kurtas,Purple,Summer,2012.0,Ethnic,Vishudh Women Purple Kurta,data/fashion-dataset/images\36830.jpg
18254,Women,Apparel,Topwear,Kurtas,Green,Fall,2011.0,Ethnic,Aneri Women Protima Green Kurta,data/fashion-dataset/images\18254.jpg
46017,Women,Apparel,Topwear,Kurtas,Orange,Summer,2012.0,Ethnic,Fabindia Women Orange Printed Kurta,data/fashion-dataset/images\46017.jpg
33039,Women,Apparel,Topwear,Kurtas,Grey,Summer,2012.0,Ethnic,Mother Earth Women Printed Grey Kurta,data/fashion-dataset/images\33039.jpg
40657,Women,Apparel,Topwear,Kurtas,Green,Summer,2012.0,Ethnic,Span Women Green Kurta,data/fashion-dataset/images\40657.jpg
28710,Women,Apparel,Topwear,Kurtas,Multi,Summer,2012.0,Ethnic,W Women Printed Multi Coloured Kurta,data/fashion-dataset/images\28710.jpg
32234,Women,Apparel,Topwear,Kurtas,Grey,Summer,2012.0,Ethnic,Fabindia Women Printed Grey Kurta,data/fashion-dataset/images\32234.jpg
23221,Women,Apparel,Topwear,Kurtas,Maroon,Fall,2011.0,Ethnic,Aneri Women Maroon Embroidery Kurta,data/fashion-dataset/images\23221.jpg
58668,Women,Apparel,Topwear,Kurtas,Multi,Summer,2012.0,Ethnic,ALayna Women Multi Coloured Kurta,data/fashion-dataset/images\58668.jpg
42428,Women,Apparel,Topwear,Kurtas,Brown,Summer,2012.0,Ethnic,Aurelia Women Brown & Orange Kurta,data/fashion-dataset/images\42428.jpg
53431,Women,Apparel,Topwear,Kurtas,Black,Fall,2012.0,Ethnic,Alma Women Black Printed Kurta,data/fashion-dataset/images\53431.jpg
19104,Women,Apparel,Topwear,Kurtas,Beige,Fall,2011.0,Ethnic,Mother Earth Women Printed Beige Kurta,data/fashion-dataset/images\19104.jpg
40658,Women,Apparel,Topwear,Kurtas,Multi,Summer,2012.0,Ethnic,Span Women Multi Coloured Kurta,data/fashion-dataset/images\40658.jpg
21892,Women,Apparel,Topwear,Kurtas,Purple,Fall,2011.0,Ethnic,BIBA Women Printed Purple Kurta,data/fashion-dataset/images\21892.jpg
24503,Women,Apparel,Topwear,Kurtas,Red,Fall,2011.0,Ethnic,Mother Earth Women Red Printed Kurta,data/fashion-dataset/images\24503.jpg
12070,Women,Apparel,Topwear,Kurtas,White,Fall,2011.0,Ethnic,W Women Printed White Kurtas,data/fashion-dataset/images\12070.jpg
28962,Women,Apparel,Topwear,Kurtas,White,Summer,2012.0,Ethnic,BIBA Women Printed White Kurta,data/fashion-dataset/images\28962.jpg
54580,Women,Apparel,Topwear,Kurtas,Red,Summer,2012.0,Ethnic,Sushilas Women Printed Red Kurta,data/fashion-dataset/images\54580.jpg
23237,Women,Apparel,Topwear,Kurtas,Blue,Fall,2011.0,Ethnic,Aneri Women Jhilmil Blue Kurta,data/fashion-dataset/images\23237.jpg
39174,Women,Apparel,Topwear,Kurtas,Blue,Summer,2012.0,Ethnic,Aneri Women Blue Printed Kurta,data/fashion-dataset/images\39174.jpg
32240,Women,Apparel,Topwear,Kurtas,Blue,Summer,2012.0,Ethnic,Fabindia Women Blue Kurta,data/fashion-dataset/images\32240.jpg
11550,Women,Apparel,Topwear,Kurtas,Blue,Summer,2011.0,Ethnic,W Women Printed Blue Kurtas,data/fashion-dataset/images\11550.jpg
11543,Women,Apparel,Topwear,Kurtas,Grey,Summer,2011.0,Ethnic,W Women Solid Grey Kurtas,data/fashion-dataset/images\11543.jpg
7409,Women,Apparel,Topwear,Kurtas,Pink,Summer,2011.0,Ethnic,W Women Round Neck Short Sleeve Pink Kurta,data/fashion-dataset/images\7409.jpg
24157,Women,Apparel,Topwear,Kurtas,Green,Fall,2011.0,Ethnic,Aurelia Women Green Kurta,data/fashion-dataset/images\24157.jpg
7421,Women,Apparel,Topwear,Kurtas,Blue,Summer,2011.0,Ethnic,W Women U Neck Short Sleeve Blue Kurta,data/fashion-dataset/images\7421.jpg
24558,Women,Apparel,Topwear,Kurtas,Blue,Fall,2011.0,Ethnic,Vishudh Women Blue Printed Kurta,data/fashion-dataset/images\24558.jpg
36501,Women,Apparel,Topwear,Kurtas,White,Summer,2012.0,Ethnic,Folklore Women White Printed Kurta,data/fashion-dataset/images\36501.jpg
28703,Women,Apparel,Topwear,Kurtas,Pink,Summer,2012.0,Ethnic,W Women Printed Pink Kurta,data/fashion-dataset/images\28703.jpg
24371,Women,Apparel,Topwear,Kurtas,Maroon,Fall,2011.0,Ethnic,Folklore Women Maroon Printed Kurta,data/fashion-dataset/images\24371.jpg
22021,Women,Apparel,Topwear,Kurtas,Pink,Fall,2011.0,Ethnic,Vishudh Women Printed Pink Kurta,data/fashion-dataset/images\22021.jpg
19059,Women,Apparel,Topwear,Kurtas,Black,Fall,2011.0,Ethnic,Aurelia Women Solid Black Kurta,data/fashion-dataset/images\19059.jpg
32279,Women,Apparel,Topwear,Kurtas,Purple,Summer,2012.0,Ethnic,Fabindia Women Printed Purple Kurta,data/fashion-dataset/images\32279.jpg
7416,Women,Apparel,Topwear,Kurtas,White,Summer,2011.0,Ethnic,W Women V Neck Solid Short Sleeve White Kurta,data/fashion-dataset/images\7416.jpg
30848,Women,Apparel,Topwear,Kurtas,White,Summer,2012.0,Ethnic,Fabindia Women White Printed Kurta,data/fashion-dataset/images\30848.jpg
28712,Women,Apparel,Topwear,Kurtas,Blue,Summer,2012.0,Ethnic,W Women Printed Blue Kurta,data/fashion-dataset/images\28712.jpg
36815,Women,Apparel,Topwear,Kurtas,Green,Summer,2012.0,Ethnic,Vishudh Women Olive Vishudh Kurta,data/fashion-dataset/images\36815.jpg
18257,Women,Apparel,Topwear,Kurtas,Green,Fall,2011.0,Ethnic,Aneri Women Antara Green Kurta,data/fashion-dataset/images\18257.jpg
40605,Women,Apparel,Topwear,Kurtas,Teal,Summer,2012.0,Ethnic,Span Women Teal Kurta,data/fashion-dataset/images\40605.jpg
45845,Women,Apparel,Topwear,Kurtas,Green,Summer,2012.0,Ethnic,Vishudh Women Green Kurta,data/fashion-dataset/images\45845.jpg
39455,Women,Apparel,Topwear,Kurtas,Multi,Summer,2012.0,Ethnic,Diva Women Multi Coloured Kurta,data/fashion-dataset/images\39455.jpg
59916,Women,Apparel,Topwear,Kurtas,Brown,Summer,2012.0,Ethnic,Diva Women Brown Kurta,data/fashion-dataset/images\59916.jpg
28957,Women,Apparel,Topwear,Kurtas,White,Summer,2012.0,Ethnic,BIBA Women Printed White Kurta,data/fashion-dataset/images\28957.jpg
46015,Women,Apparel,Topwear,Kurtas,White,Summer,2012.0,Ethnic,Fabindia Women White Printed Kurta,data/fashion-dataset/images\46015.jpg
40437,Women,Apparel,Topwear,Kurtas,Brown,Summer,2012.0,Ethnic,La-Emotio Women Brown Kurta,data/fashion-dataset/images\40437.jpg
58694,Women,Apparel,Topwear,Kurtas,Green,Summer,2012.0,Ethnic,ALayna Women Green Kurta,data/fashion-dataset/images\58694.jpg
27191,Women,Apparel,Topwear,Kurtas,Pink,Fall,2011.0,Ethnic,Mother Earth Women Pink Printed Kurta,data/fashion-dataset/images\27191.jpg
49773,Women,Apparel,Topwear,Kurtas,Blue,Summer,2012.0,Ethnic,Alma Women  Light Blue Printed Kurta,data/fashion-dataset/images\49773.jpg
22032,Women,Apparel,Topwear,Kurtas,Brown,Fall,2011.0,Ethnic,Vishudh Women Flower Print Brown Kurta,data/fashion-dataset/images\22032.jpg
19077,Women,Apparel,Topwear,Kurtas,Red,Fall,2011.0,Ethnic,W Women Round Bottom Red Kurta,data/fashion-dataset/images\19077.jpg
53406,Women,Apparel,Topwear,Kurtas,Red,Fall,2012.0,Ethnic,Alma Women Red Printed Kurta,data/fashion-dataset/images\53406.jpg
22759,Women,Apparel,Topwear,Kurtas,White,Fall,2011.0,Ethnic,BIBA Women Printed White Kurta,data/fashion-dataset/images\22759.jpg
59379,Women,Apparel,Topwear,Kurtas,Orange,Summer,2012.0,Ethnic,Vishudh Women Orange Printed  Kurta,data/fashion-dataset/images\59379.jpg
22749,Women,Apparel,Topwear,Kurtas,Blue,Fall,2011.0,Ethnic,BIBA Women Printed Blue Kurta,data/fashion-dataset/images\22749.jpg
30791,Men,Apparel,Topwear,Kurtas,Gold,Summer,2012.0,Ethnic,Fabindia Men Printed Gold Tussar Kurta,data/fashion-dataset/images\30791.jpg
54698,Women,Apparel,Topwear,Kurtas,Black,Fall,2012.0,Ethnic,Shree Women Black and White Printed Kurta,data/fashion-dataset/images\54698.jpg
27101,Women,Apparel,Topwear,Kurtas,Yellow,Summer,2012.0,Ethnic,Aneri Women Madhuri Yellow Kurta,data/fashion-dataset/images\27101.jpg
25834,Women,Apparel,Topwear,Kurtas,White,Summer,2012.0,Ethnic,Diva Women Printed White Kurta,data/fashion-dataset/images\25834.jpg
47011,Women,Apparel,Topwear,Kurtas,Rust,Fall,2012.0,Ethnic,Shree Women Rust Printed Kurta,data/fashion-dataset/images\47011.jpg
22027,Women,Apparel,Topwear,Kurtas,White,Fall,2011.0,Ethnic,Vishudh Women Floral Print Orange Kurta,data/fashion-dataset/images\22027.jpg
12782,Women,Apparel,Topwear,Kurtas,Red,Fall,2011.0,Ethnic,Mother Earth Women Aug Bagru Red Kurtas,data/fashion-dataset/images\12782.jpg
49776,Women,Apparel,Topwear,Kurtas,Blue,Summer,2012.0,Ethnic,Alma Women Blue Printed Kurta,data/fashion-dataset/images\49776.jpg
24400,Women,Apparel,Topwear,Kurtas,Black,Summer,2012.0,Ethnic,Vishudh Women Black Printed Kurta,data/fashion-dataset/images\24400.jpg
25826,Women,Apparel,Topwear,Kurtas,Brown,Summer,2012.0,Ethnic,Diva Women Printed Brown Kurta,data/fashion-dataset/images\25826.jpg
53830,Women,Apparel,Topwear,Kurtas,Lavender,Summer,2012.0,Ethnic,Folklore Women Lavender Kurta,data/fashion-dataset/images\53830.jpg
32270,Women,Apparel,Topwear,Kurtas,Grey,Summer,2012.0,Ethnic,Vishudh Women Printed Grey Kurta,data/fashion-dataset/images\32270.jpg
40617,Women,Apparel,Topwear,Kurtas,Green,Summer,2012.0,Ethnic,Span Women Green Kurta,data/fashion-dataset/images\40617.jpg
30880,Women,Apparel,Topwear,Kurtas,Yellow,Summer,2012.0,Ethnic,Fabindia Women Printed Yellow Kurta,data/fashion-dataset/images\30880.jpg
33044,Women,Apparel,Topwear,Kurtas,Blue,Summer,2012.0,Ethnic,Mother Earth Women Printed Blue Kurta,data/fashion-dataset/images\33044.jpg
24390,Women,Apparel,Topwear,Kurtas,Turquoise Blue,Fall,2011.0,Ethnic,Folklore Women Turquoise Blue Printed Kurta,data/fashion-dataset/images\24390.jpg
40569,Women,Apparel,Topwear,Kurtas,White,Summer,2012.0,Ethnic,W Women White Kurta,data/fashion-dataset/images\40569.jpg
22051,Women,Apparel,Topwear,Kurtas,Blue,Fall,2011.0,Ethnic,Vishudh Women Printed Blue Kurta,data/fashion-dataset/images\22051.jpg
42559,Women,Apparel,Topwear,Kurtas,Multi,Summer,2012.0,Ethnic,Mother Earth Women Multi Coloured Kurta,data/fashion-dataset/images\42559.jpg
39167,Women,Apparel,Topwear,Kurtas,Pink,Summer,2012.0,Ethnic,Aneri Women Pink Printed Kurta,data/fashion-dataset/images\39167.jpg
58648,Women,Apparel,Topwear,Kurtas,Pink,Summer,2012.0,Ethnic,ALayna Women Pink & Yellow Kurta,data/fashion-dataset/images\58648.jpg
22744,Women,Apparel,Topwear,Kurtas,Navy Blue,Fall,2011.0,Ethnic,BIBA Women Solid Navy Blue Green Kurta,data/fashion-dataset/images\22744.jpg
23216,Women,Apparel,Topwear,Kurtas,Blue,Fall,2011.0,Ethnic,Aneri Women Blue Julie Kurta,data/fashion-dataset/images\23216.jpg
53391,Women,Apparel,Topwear,Kurtas,White,Summer,2012.0,Ethnic,Aurelia Women White Printed Kurta,data/fashion-dataset/images\53391.jpg
54696,Women,Apparel,Topwear,Kurtas,White,Summer,2012.0,Ethnic,Shree Women Navy Blue and White Printed Kurta,data/fashion-dataset/images\54696.jpg
30759,Men,Apparel,Topwear,Kurtas,Black,Summer,2012.0,Ethnic,Fabindia Men Printed Black Kurta,data/fashion-dataset/images\30759.jpg
15844,Women,Apparel,Topwear,Kurtas,Blue,Fall,2011.0,Ethnic,Visudh Blue Printed Ethnic Kurta,data/fashion-dataset/images\15844.jpg
39478,Women,Apparel,Topwear,Kurtas,Pink,Summer,2012.0,Ethnic,Diva Women Pink Kurta,data/fashion-dataset/images\39478.jpg
47015,Women,Apparel,Topwear,Kurtas,Cream,Fall,2012.0,Ethnic,Shree Women Cream & Fushia  Printed Kurta,data/fashion-dataset/images\47015.jpg
23240,Women,Apparel,Topwear,Kurtas,Blue,Fall,2011.0,Ethnic,Aneri Women Ashna Blue Kurta,data/fashion-dataset/images\23240.jpg
54706,Women,Apparel,Topwear,Kurtas,White,Fall,2012.0,Ethnic,Shree Women White Printed Kurta,data/fashion-dataset/images\54706.jpg
42685,Women,Apparel,Topwear,Kurtas,White,Summer,2012.0,Ethnic,Alma Women White Printed Kurta,data/fashion-dataset/images\42685.jpg
40629,Women,Apparel,Topwear,Kurtas,Olive,Summer,2012.0,Ethnic,Span Women Olive Green Kurta,data/fashion-dataset/images\40629.jpg
28955,Women,Apparel,Topwear,Kurtas,White,Summer,2012.0,Ethnic,BIBA Women White Kurta,data/fashion-dataset/images\28955.jpg
54570,Women,Apparel,Topwear,Kurtas,Red,Summer,2012.0,Ethnic,Sushilas Women Printed Red Kurta,data/fashion-dataset/images\54570.jpg
28735,Women,Apparel,Topwear,Kurtas,Brown,Summer,2012.0,Ethnic,W Women Printed Brown Kurta,data/fashion-dataset/images\28735.jpg
59374,Women,Apparel,Topwear,Kurtas,Green,Summer,2012.0,Ethnic,Vishudh Women Green Printed Kurta,data/fashion-dataset/images\59374.jpg
59376,Women,Apparel,Topwear,Kurtas,Green,Summer,2012.0,Ethnic,Vishudh Women Green Printed Kurta,data/fashion-dataset/images\59376.jpg
28729,Women,Apparel,Topwear,Kurtas,Cream,Summer,2012.0,Ethnic,W Women Printed Cream Kurta,data/fashion-dataset/images\28729.jpg
50355,Women,Apparel,Topwear,Kurtas,Brown,Summer,2012.0,Ethnic,Aurelia Women Brown Kurta,data/fashion-dataset/images\50355.jpg
28715,Women,Apparel,Topwear,Kurtas,Beige,Summer,2012.0,Ethnic,W Women Printed Magenta Kurta,data/fashion-dataset/images\28715.jpg
27097,Women,Apparel,Topwear,Kurtas,Blue,Summer,2012.0,Ethnic,Aneri Women Blue Printed Kurta,data/fashion-dataset/images\27097.jpg
25836,Women,Apparel,Topwear,Kurtas,Peach,Summer,2012.0,Ethnic,Diva Women Printed Orange Kurta,data/fashion-dataset/images\25836.jpg
30863,Women,Apparel,Topwear,Kurtas,Blue,Summer,2012.0,Ethnic,Fabindia Women Blue Mangalgiri Kurta,data/fashion-dataset/images\30863.jpg
53864,Women,Apparel,Topwear,Kurtas,Brown,Summer,2012.0,Ethnic,Vishudh Women Brown Printed Kurta,data/fashion-dataset/images\53864.jpg
24551,Women,Apparel,Topwear,Kurtas,Blue,Fall,2011.0,Ethnic,Diva Women Blue Printed Kurta,data/fashion-dataset/images\24551.jpg
15104,Women,Apparel,Topwear,Kurtas,Black,Fall,2011.0,Ethnic,Mother Earth Women Printed Black Kurtas,data/fashion-dataset/images\15104.jpg
24367,Women,Apparel,Topwear,Kurtas,Green,Fall,2011.0,Ethnic,Folklore Women Green  Kurta,data/fashion-dataset/images\24367.jpg
58682,Women,Apparel,Topwear,Kurtas,Pink,Summer,2012.0,Ethnic,ALayna Women Brownish Pink  Kurta,data/fashion-dataset/images\58682.jpg
30745,Men,Apparel,Topwear,Kurtas,Beige,Summer,2012.0,Ethnic,Fabindia Men Beige Ajrakh Kurta,data/fashion-dataset/images\30745.jpg
12153,Women,Apparel,Topwear,Kurtas,Green,Fall,2011.0,Ethnic,Aurelia Women Solid Green Kurtas,data/fashion-dataset/images\12153.jpg
11624,Women,Apparel,Topwear,Kurtas,Grey,Summer,2011.0,Ethnic,W Women Printed Grey Kurtas,data/fashion-dataset/images\11624.jpg
56693,Men,Apparel,Topwear,Kurtas,Blue,Summer,2012.0,Ethnic,Fabindia Men Blue Kurta,data/fashion-dataset/images\56693.jpg
53826,Women,Apparel,Topwear,Kurtas,Brown,Summer,2012.0,Ethnic,Folklore Women Brown Printed Kurta,data/fashion-dataset/images\53826.jpg
58684,Women,Apparel,Topwear,Kurtas,Beige,Summer,2012.0,Ethnic,ALayna Women Printed Beige Kurta,data/fashion-dataset/images\58684.jpg
54716,Women,Apparel,Topwear,Kurtas,Beige,Fall,2012.0,Ethnic,Shree Women Pink and Olive Printed Kurta,data/fashion-dataset/images\54716.jpg
28753,Women,Apparel,Topwear,Kurtas,Green,Summer,2012.0,Ethnic,Aurelia Women Printed Green Kurta,data/fashion-dataset/images\28753.jpg
24589,Women,Apparel,Topwear,Kurtas,Brown,Fall,2011.0,Ethnic,Vishudh Women Brown Printed Kurta,data/fashion-dataset/images\24589.jpg
14545,Women,Apparel,Topwear,Kurtas,Blue,Fall,2011.0,Ethnic,Vishudh Women Circle Print Blue Kurtas,data/fashion-dataset/images\14545.jpg
23306,Women,Apparel,Topwear,Kurtas,Blue,Fall,2011.0,Ethnic,W Women Blue Kurta,data/fashion-dataset/images\23306.jpg
14547,Women,Apparel,Topwear,Kurtas,Maroon,Fall,2011.0,Ethnic,Vishudh Women Floral Print Maroon Kurtas,data/fashion-dataset/images\14547.jpg
19058,Women,Apparel,Topwear,Kurtas,Rust,Fall,2011.0,Ethnic,Aurelia Women Solid Rust Kurta,data/fashion-dataset/images\19058.jpg
30779,Men,Apparel,Topwear,Kurtas,Rust,Summer,2012.0,Ethnic,Fabindia Men Rust Khadi Kurta,data/fashion-dataset/images\30779.jpg
42686,Women,Apparel,Topwear,Kurtas,White,Summer,2012.0,Ethnic,Alma Women White Printed Kurta,data/fashion-dataset/images\42686.jpg
50346,Women,Apparel,Topwear,Kurtas,Pink,Summer,2012.0,Ethnic,Aurelia Women Pink Kurta,data/fashion-dataset/images\50346.jpg
11800,Women,Apparel,Topwear,Kurtas,Black,Fall,2011.0,Ethnic,Vishudh Women Black Pigment Print Kurta,data/fashion-dataset/images\11800.jpg
7419,Women,Apparel,Topwear,Kurtas,White,Summer,2011.0,Ethnic,W Women Deep Neck Sleeveless White Kurta,data/fashion-dataset/images\7419.jpg
54572,Women,Apparel,Topwear,Kurtas,Pink,Summer,2012.0,Ethnic,Sushilas Women Multi Coloured Kurta,data/fashion-dataset/images\54572.jpg
39152,Women,Apparel,Topwear,Kurtas,Turquoise Blue,Summer,2012.0,Ethnic,Aneri Women Turquiose Blue Printed Kurta,data/fashion-dataset/images\39152.jpg
28689,Women,Apparel,Topwear,Kurtas,Black,Summer,2012.0,Casual,W Women Black Tunic,data/fashion-dataset/images\28689.jpg
11539,Women,Apparel,Topwear,Kurtas,White,Summer,2011.0,Ethnic,W Women Printed White Kurtas,data/fashion-dataset/images\11539.jpg
45859,Women,Apparel,Topwear,Kurtas,Multi,Summer,2012.0,Ethnic,Vishudh Women Multi Coloured Kurta,data/fashion-dataset/images\45859.jpg
30780,Men,Apparel,Topwear,Kurtas,Blue,Summer,2012.0,Ethnic,Fabindia Men Striped Blue Striped Kurta,data/fashion-dataset/images\30780.jpg
58653,Women,Apparel,Topwear,Kurtas,Pink,Summer,2012.0,Ethnic,ALayna Women Pink Kurta,data/fashion-dataset/images\58653.jpg
54681,Women,Apparel,Topwear,Kurtas,Navy Blue,Fall,2012.0,Ethnic,Shree Women Cream and Navy Blue Printed Kurta,data/fashion-dataset/images\54681.jpg
40613,Women,Apparel,Topwear,Kurtas,Purple,Summer,2012.0,Ethnic,Span Women Purple Kurta,data/fashion-dataset/images\40613.jpg
23225,Women,Apparel,Topwear,Kurtas,Pink,Fall,2011.0,Ethnic,Aneri Women Tibett Pink Kurta,data/fashion-dataset/images\23225.jpg
20118,Women,Apparel,Topwear,Kurtas,Orange,Fall,2011.0,Ethnic,Diva Women Printed Orange Kurta,data/fashion-dataset/images\20118.jpg
21913,Women,Apparel,Topwear,Kurtas,Red,Fall,2011.0,Ethnic,BIBA Women Printed Red Kurta,data/fashion-dataset/images\21913.jpg
45837,Women,Apparel,Topwear,Kurtas,Magenta,Summer,2012.0,Ethnic,Vishudh Women Magenta Kurta,data/fashion-dataset/images\45837.jpg
59381,Women,Apparel,Topwear,Kurtas,Brown,Summer,2012.0,Ethnic,Vishudh Women Brown Printed Kurta,data/fashion-dataset/images\59381.jpg
22778,Women,Apparel,Topwear,Kurtas,Yellow,Summer,2011.0,Ethnic,BIBA Women Printed Yellow Kurta,data/fashion-dataset/images\22778.jpg
11813,Women,Apparel,Topwear,Kurtas,Pink,Fall,2011.0,Ethnic,Vishudh Women Pigment Print Pink Kurtas,data/fashion-dataset/images\11813.jpg
11629,Women,Apparel,Topwear,Kurtas,White,Summer,2011.0,Ethnic,W Women Stripe White Kurtas,data/fashion-dataset/images\11629.jpg
30839,Women,Apparel,Topwear,Kurtas,Pink,Summer,2012.0,Ethnic,Fabindia Women Pink Khadi Kurta,data/fashion-dataset/images\30839.jpg
31774,Women,Apparel,Topwear,Kurtas,Maroon,Summer,2012.0,Ethnic,Global Desi Women Printed Maroon Kurta,data/fashion-dataset/images\31774.jpg
15101,Women,Apparel,Topwear,Kurtas,Black,Fall,2011.0,Ethnic,Mother Earth Women Printed Black Kurtas,data/fashion-dataset/images\15101.jpg
19064,Women,Apparel,Topwear,Kurtas,Off White,Fall,2011.0,Ethnic,W Women Floral Print Green Kurta,data/fashion-dataset/images\19064.jpg
30766,Men,Apparel,Topwear,Kurtas,Blue,Summer,2012.0,Ethnic,Fabindia Men Blue Matka Silk Kurta,data/fashion-dataset/images\30766.jpg
24156,Women,Apparel,Topwear,Kurtas,Purple,Fall,2011.0,Ethnic,Aurelia Women Purple Striped Kurta,data/fashion-dataset/images\24156.jpg
30870,Women,Apparel,Topwear,Kurtas,Orange,Summer,2012.0,Ethnic,Fabindia Women Printed Beige Kurta,data/fashion-dataset/images\30870.jpg
53843,Women,Apparel,Topwear,Kurtas,White,Summer,2012.0,Ethnic,Vishudh Women Printed White Kurta,data/fashion-dataset/images\53843.jpg
36500,Women,Apparel,Topwear,Kurtas,Brown,Summer,2012.0,Ethnic,Folklore Women Brown Kurta,data/fashion-dataset/images\36500.jpg
42649,Women,Apparel,Topwear,Kurtas,Black,Summer,2012.0,Ethnic,Alma Women Black Kurta,data/fashion-dataset/images\42649.jpg
30787,Men,Apparel,Topwear,Kurtas,Mustard,Summer,2012.0,Ethnic,Fabindia Men Mustard Kurta,data/fashion-dataset/images\30787.jpg
28719,Women,Apparel,Topwear,Kurtas,White,Summer,2012.0,Ethnic,W Women Printed White Kurta,data/fashion-dataset/images\28719.jpg
12101,Women,Apparel,Topwear,Kurtas,Pink,Fall,2011.0,Ethnic,W Women Printed Pink Kurtas,data/fashion-dataset/images\12101.jpg
22746,Women,Apparel,Topwear,Kurtas,Red,Fall,2011.0,Ethnic,BIBA Women Printed Red Kurta,data/fashion-dataset/images\22746.jpg
19070,Women,Apparel,Topwear,Kurtas,Blue,Fall,2011.0,Ethnic,W Women Floral Print Blue Kurta,data/fashion-dataset/images\19070.jpg
32196,Men,Apparel,Topwear,Kurtas,Blue,Summer,2012.0,Ethnic,Fabindia Men Printed Blue Kurta,data/fashion-dataset/images\32196.jpg
46018,Women,Apparel,Topwear,Kurtas,Green,Summer,2012.0,Ethnic,Fabindia Women Green Kurta,data/fashion-dataset/images\46018.jpg
19089,Women,Apparel,Topwear,Kurtas,Blue,Fall,2011.0,Ethnic,W Women Shaded Blue Kurta,data/fashion-dataset/images\19089.jpg
14535,Women,Apparel,Topwear,Kurtas,Blue,Fall,2011.0,Ethnic,Vishudh Women Embroidary Blue Kurtas,data/fashion-dataset/images\14535.jpg
11546,Women,Apparel,Topwear,Kurtas,Grey,Summer,2011.0,Ethnic,W Women Printed Grey Kurtas,data/fashion-dataset/images\11546.jpg
45748,Women,Apparel,Topwear,Kurtas,Lavender,Summer,2012.0,Casual,Folklore Women Purple Kurta,data/fashion-dataset/images\45748.jpg
47003,Women,Apparel,Topwear,Kurtas,White,Fall,2012.0,Ethnic,Shree Women Printed White & Yellow Kurta,data/fashion-dataset/images\47003.jpg
30756,Men,Apparel,Topwear,Kurtas,Green,Summer,2012.0,Ethnic,Fabindia Men Green Kurta,data/fashion-dataset/images\30756.jpg
20111,Women,Apparel,Topwear,Kurtas,White,Fall,2011.0,Ethnic,Diva Women Printed White Kurta,data/fashion-dataset/images\20111.jpg
47009,Women,Apparel,Topwear,Kurtas,Brown,Summer,2012.0,Ethnic,Shree Women Brown Kurta,data/fashion-dataset/images\47009.jpg
43270,Women,Apparel,Topwear,Kurtas,Red,Summer,2012.0,Ethnic,Aneri Women Red Kurta,data/fashion-dataset/images\43270.jpg
31318,Women,Apparel,Topwear,Kurtas,Off White,Summer,2012.0,Ethnic,Aurelia Women Printed Brown Kurta,data/fashion-dataset/images\31318.jpg
18258,Women,Apparel,Topwear,Kurtas,Green,Fall,2011.0,Ethnic,Aneri Women Sanjeeda Green Kurta,data/fashion-dataset/images\18258.jpg
12094,Women,Apparel,Topwear,Kurtas,White,Fall,2011.0,Ethnic,W Women Printed White Kurtas,data/fashion-dataset/images\12094.jpg
11620,Women,Apparel,Topwear,Kurtas,Green,Summer,2011.0,Ethnic,W Women Solid Lime Green Kurtas,data/fashion-dataset/images\11620.jpg
28834,Women,Apparel,Topwear,Kurtas,Multi,Summer,2012.0,Ethnic,Biba Women Printed Multi Coloured Kurta,data/fashion-dataset/images\28834.jpg
32224,Women,Apparel,Topwear,Kurtas,Blue,Summer,2012.0,Ethnic,Fabindia Women Striped Blue Kurta,data/fashion-dataset/images\32224.jpg
30860,Women,Apparel,Topwear,Kurtas,Maroon,Summer,2012.0,Ethnic,Fabindia Women Printed Maroon Kurta,data/fashion-dataset/images\30860.jpg
27293,Women,Apparel,Topwear,Kurtas,Blue,Summer,2012.0,Ethnic,Mother Earth Women Blue Kurta,data/fashion-dataset/images\27293.jpg
43268,Women,Apparel,Topwear,Kurtas,Pink,Summer,2012.0,Ethnic,Aneri Women Pink Kurta,data/fashion-dataset/images\43268.jpg
58700,Women,Apparel,Topwear,Kurtas,White,Summer,2012.0,Ethnic,ALayna Women Black Kurta,data/fashion-dataset/images\58700.jpg
24395,Women,Apparel,Topwear,Kurtas,Blue,Summer,2012.0,Ethnic,Vishudh Women Blue Printed Kurta,data/fashion-dataset/images\24395.jpg
11567,Women,Apparel,Topwear,Kurtas,Purple,Summer,2011.0,Ethnic,W Women Printed Purple Kurtas,data/fashion-dataset/images\11567.jpg
53835,Women,Apparel,Topwear,Kurtas,Blue,Summer,2012.0,Ethnic,Vishudh Women Blue Printed Kurta,data/fashion-dataset/images\53835.jpg
59928,Women,Apparel,Topwear,Kurtas,White,Summer,2012.0,Ethnic,Diva Women White Kurta,data/fashion-dataset/images\59928.jpg
27280,Women,Apparel,Topwear,Kurtas,Black,Fall,2011.0,Ethnic,Mother Earth Women Black Kurta,data/fashion-dataset/images\27280.jpg
32223,Women,Apparel,Topwear,Kurtas,Pink,Summer,2012.0,Ethnic,Fabindia Women Pink & Orange Striped Kurta,data/fashion-dataset/images\32223.jpg
53840,Women,Apparel,Topwear,Kurtas,Purple,Summer,2012.0,Ethnic,Vishudh Women Purple Kurta,data/fashion-dataset/images\53840.jpg
58672,Women,Apparel,Topwear,Kurtas,Navy Blue,Summer,2012.0,Ethnic,ALayna Women Navy Blue Kurta,data/fashion-dataset/images\58672.jpg
24510,Women,Apparel,Topwear,Kurtas,Green,Fall,2011.0,Ethnic,Mother Earth Women Green Printed Kurta,data/fashion-dataset/images\24510.jpg
25842,Women,Apparel,Topwear,Kurtas,Multi,Summer,2012.0,Ethnic,Diva Women Printed Multi Coloured Kurta,data/fashion-dataset/images\25842.jpg
54586,Women,Apparel,Topwear,Kurtas,Green,Summer,2012.0,Ethnic,Sushilas Women Printed Green Kurta,data/fashion-dataset/images\54586.jpg
56714,Women,Apparel,Topwear,Kurtas,White,Summer,2012.0,Ethnic,Folklore Women Pink & Green Printed Kurta,data/fashion-dataset/images\56714.jpg
39157,Women,Apparel,Topwear,Kurtas,Black,Summer,2012.0,Ethnic,Aneri Women Black Kurta,data/fashion-dataset/images\39157.jpg
14550,Women,Apparel,Topwear,Kurtas,White,Fall,2011.0,Ethnic,Vishudh Women Floral Print White Kurta,data/fashion-dataset/images\14550.jpg
19098,Women,Apparel,Topwear,Kurtas,Beige,Fall,2011.0,Ethnic,Mother Earth Women Embroided Beige Kurta,data/fashion-dataset/images\19098.jpg
15097,Women,Apparel,Topwear,Kurtas,Pink,Fall,2011.0,Ethnic,Mother Earth Women Printed Pink Kurtas,data/fashion-dataset/images\15097.jpg
58661,Women,Apparel,Topwear,Kurtas,Green,Summer,2012.0,Ethnic,ALayna Women Green Kurta,data/fashion-dataset/images\58661.jpg
33041,Women,Apparel,Topwear,Kurtas,Blue,Summer,2012.0,Ethnic,Mother Earth Women Printed Blue Kurta,data/fashion-dataset/images\33041.jpg
28755,Women,Apparel,Topwear,Kurtas,Purple,Summer,2012.0,Ethnic,Aurelia Women Printed Purple Kurta,data/fashion-dataset/images\28755.jpg
28763,Women,Apparel,Topwear,Kurtas,Maroon,Summer,2012.0,Ethnic,Aurelia Women Maroon Kurta,data/fashion-dataset/images\28763.jpg
40587,Women,Apparel,Topwear,Kurtas,Brown,Summer,2012.0,Ethnic,Aurelia Women Brown Kurta,data/fashion-dataset/images\40587.jpg
28694,Women,Apparel,Topwear,Kurtas,Black,Summer,2012.0,Ethnic,W Women Printed Black Kurta,data/fashion-dataset/images\28694.jpg
30768,Men,Apparel,Topwear,Kurtas,Black,Summer,2012.0,Ethnic,Fabindia Men Black Silk Kurta,data/fashion-dataset/images\30768.jpg
43256,Women,Apparel,Topwear,Kurtas,Pink,Summer,2012.0,Ethnic,Aneri Women Salmon Pink Kurta,data/fashion-dataset/images\43256.jpg
7704,Women,Apparel,Topwear,Tops,Red,Fall,2011.0,Casual,Jealous 21 Women's She's Got Attitude Red Top,data/fashion-dataset/images\7704.jpg
4920,Women,Apparel,Topwear,Tops,Pink,Summer,2011.0,Casual,Gini and Jony Girl's Veeya Pink Infant Kidswear,data/fashion-dataset/images\4920.jpg
30946,Women,Apparel,Topwear,Tops,Blue,Summer,2012.0,Ethnic,Fabindia Women Blue Cambric Top,data/fashion-dataset/images\30946.jpg
4884,Women,Apparel,Topwear,Tops,Purple,Summer,2011.0,Casual,Levis Kids Girl's Darcy Purple Teens Kidswear,data/fashion-dataset/images\4884.jpg
48504,Women,Apparel,Topwear,Tops,Blue,Summer,2012.0,Casual,French Connection Women Blue Top,data/fashion-dataset/images\48504.jpg
38848,Women,Apparel,Topwear,Tops,Grey,Summer,2012.0,Casual,Latin Quarters Women Grey Top,data/fashion-dataset/images\38848.jpg
58007,Women,Apparel,Topwear,Tops,Mustard,Fall,2012.0,Casual,Latin Quarters Women Chartreuse Yellow Top,data/fashion-dataset/images\58007.jpg
34574,Women,Apparel,Topwear,Tops,Black,Summer,2012.0,Casual,Tonga Women Printed Black Top,data/fashion-dataset/images\34574.jpg
7154,Women,Apparel,Topwear,Tops,Grey,Fall,2011.0,Casual,Scullers For Her Women's Fashion Summer Lite Ash Grey Top,data/fashion-dataset/images\7154.jpg
42235,Women,Apparel,Topwear,Tops,Black,Summer,2012.0,Casual,Sepia Women Black Top,data/fashion-dataset/images\42235.jpg
5012,Women,Apparel,Topwear,Tops,Pink,Summer,2011.0,Casual,Gini and Jony Girl's Peggy Pink Kidswear,data/fashion-dataset/images\5012.jpg
21416,Women,Apparel,Topwear,Tops,Pink,Winter,2012.0,Casual,Roxy Women Pink Top,data/fashion-dataset/images\21416.jpg
26917,Women,Apparel,Topwear,Tops,Purple,Summer,2012.0,Casual,Jealous 21 Women Printed Purple Top,data/fashion-dataset/images\26917.jpg
40990,Girls,Apparel,Topwear,Tops,White,Summer,2012.0,Casual,Palm Tree Girls Milan White Top,data/fashion-dataset/images\40990.jpg
41972,Girls,Apparel,Topwear,Tops,Blue,Summer,2012.0,Casual,Gini and Jony Girls Summer Up Blue Top,data/fashion-dataset/images\41972.jpg
43624,Women,Apparel,Topwear,Tops,White,Summer,2012.0,Casual,Vero Moda Women White Top,data/fashion-dataset/images\43624.jpg
33179,Women,Apparel,Topwear,Tops,Blue,Summer,2012.0,Casual,Sepia Women Blue Top,data/fashion-dataset/images\33179.jpg
28473,Women,Apparel,Topwear,Tops,Turquoise Blue,Summer,2012.0,Casual,Urban Yoga Women Printed Turquoise Blue Top,data/fashion-dataset/images\28473.jpg
45949,Women,Apparel,Topwear,Tops,White,Summer,2012.0,Casual,Tokyo Talkies Women White Top,data/fashion-dataset/images\45949.jpg
25542,Women,Apparel,Topwear,Tops,Yellow,Summer,2012.0,Casual,Wrangler Women Striper Tank Yellow Top,data/fashion-dataset/images\25542.jpg
38343,Girls,Apparel,Topwear,Tops,White,Summer,2012.0,Casual,Mr. Men Little Miss Girls White Tops,data/fashion-dataset/images\38343.jpg
40409,Women,Apparel,Topwear,Tops,Black,Summer,2012.0,Casual,Tonga Women Black & Cream-Coloured Striped Top,data/fashion-dataset/images\40409.jpg
18173,Girls,Apparel,Topwear,Tops,Magenta,Fall,2011.0,Casual,Doodle Kids Girls Layer Magenta Top,data/fashion-dataset/images\18173.jpg
16137,Women,Apparel,Topwear,Tops,Pink,Fall,2011.0,Casual,Tokyo Talkies Women Printed Pink Top,data/fashion-dataset/images\16137.jpg
33169,Women,Apparel,Topwear,Tops,Yellow,Summer,2012.0,Casual,Sepia Women Yellow Top,data/fashion-dataset/images\33169.jpg
5130,Women,Apparel,Topwear,Tops,Black,Summer,2011.0,Casual,Wrangler Women Woodstock Black White Top,data/fashion-dataset/images\5130.jpg
13443,Women,Apparel,Topwear,Tops,White,Summer,2011.0,Casual,United Colors of Benetton Women Solid White Tops,data/fashion-dataset/images\13443.jpg
43924,Women,Apparel,Topwear,Tops,Grey,Summer,2012.0,Casual,Femella Women Grey Top,data/fashion-dataset/images\43924.jpg
43584,Girls,Apparel,Topwear,Tops,Pink,Summer,2012.0,Casual,Gini and Jony Girls Pink Top,data/fashion-dataset/images\43584.jpg
4901,Women,Apparel,Topwear,Tops,Pink,Summer,2011.0,Casual,Levis Kids Girl's Desiree Pink Kidswear,data/fashion-dataset/images\4901.jpg
50705,Women,Apparel,Topwear,Tops,Cream,Summer,2012.0,Casual,Latin Quarters Women Cream Printed Top,data/fashion-dataset/images\50705.jpg
10336,Women,Apparel,Topwear,Tops,Black,Fall,2011.0,Casual,United Colors of Benetton Women Stripes Black Tops,data/fashion-dataset/images\10336.jpg
31122,Girls,Apparel,Topwear,Tops,White,Summer,2012.0,Casual,Gini and Jony Girls Printed White Top,data/fashion-dataset/images\31122.jpg
5136,Women,Apparel,Topwear,Tops,Pink,Summer,2011.0,Casual,Wrangler Women Yoke Tucks Checks Pink White Top,data/fashion-dataset/images\5136.jpg
7312,Women,Apparel,Topwear,Tops,Pink,Summer,2011.0,Casual,UCB Women's Short Sleeve Polo Pink Top,data/fashion-dataset/images\7312.jpg
26359,Women,Apparel,Topwear,Tops,Black,Summer,2012.0,Casual,Arrow Women Black Top,data/fashion-dataset/images\26359.jpg
39216,Women,Apparel,Topwear,Tops,Black,Summer,2012.0,Casual,Femella Women Animal Print One Shoulder Black & Brown Top,data/fashion-dataset/images\39216.jpg
57107,Women,Apparel,Topwear,Tops,Olive,Summer,2012.0,Casual,Elle Women Green Essentials Top,data/fashion-dataset/images\57107.jpg
12851,Women,Apparel,Topwear,Tops,Black,Fall,2011.0,Casual,Ant Kids Crystal Button Black Tops,data/fashion-dataset/images\12851.jpg
18743,Women,Apparel,Topwear,Tops,Orange,Fall,2011.0,Casual,Arrow Woman Cameron Orange Top,data/fashion-dataset/images\18743.jpg
19620,Women,Apparel,Topwear,Tops,Olive,Summer,2011.0,Casual,United Colors of Benetton Women Solid Olive Top,data/fashion-dataset/images\19620.jpg
41377,Women,Apparel,Topwear,Tops,Yellow,Summer,2012.0,Casual,Wrangler Women Yellow Maria Top,data/fashion-dataset/images\41377.jpg
13295,Women,Apparel,Topwear,Tops,Pink,Fall,2011.0,Casual,Gini and Jony Kids Girls Printed Pink Tops,data/fashion-dataset/images\13295.jpg
41762,Women,Apparel,Topwear,Tops,Multi,Summer,2012.0,Casual,Remanika Women Multi Coloured Top,data/fashion-dataset/images\41762.jpg
45981,Women,Apparel,Topwear,Tops,Grey Melange,Summer,2012.0,Casual,Tokyo Talkies Women Grey Melange Printed Top,data/fashion-dataset/images\45981.jpg
7362,Women,Apparel,Topwear,Tops,Blue,Summer,2011.0,Casual,UCB Women's Graphic Print Sequins Blue Top,data/fashion-dataset/images\7362.jpg
8492,Women,Apparel,Topwear,Tops,Peach,Fall,2011.0,Casual,Forever New Women Peony Peach Top,data/fashion-dataset/images\8492.jpg
17850,Women,Apparel,Topwear,Tops,Grey,Fall,2011.0,Casual,Flying Machine Women Sequins Grey Top,data/fashion-dataset/images\17850.jpg
26890,Women,Apparel,Topwear,Tops,Pink,Summer,2012.0,Casual,Jealous 21 Women Printed Pink Top,data/fashion-dataset/images\26890.jpg
24942,Girls,Apparel,Topwear,Tops,Black,Summer,2012.0,Casual,United Colors of Benetton Kids Girls Black Top,data/fashion-dataset/images\24942.jpg
18753,Women,Apparel,Topwear,Tops,Blue,Fall,2011.0,Casual,Arrow Woman Megan Blue Top,data/fashion-dataset/images\18753.jpg
39231,Women,Apparel,Topwear,Tops,Peach,Summer,2012.0,Casual,Femella Women Peach Top,data/fashion-dataset/images\39231.jpg
10715,Women,Apparel,Topwear,Tops,Black,Fall,2011.0,Casual,Nike Women Training sports bra Black Tops,data/fashion-dataset/images\10715.jpg
2956,Women,Apparel,Topwear,Tops,Yellow,Fall,2010.0,Casual,DUSG Women Rishikesh Organic Wheat Top,data/fashion-dataset/images\2956.jpg
39849,Girls,Apparel,Topwear,Tops,Blue,Summer,2012.0,Casual,Gini and Jony Girls Striped Blue Top,data/fashion-dataset/images\39849.jpg
50719,Girls,Apparel,Topwear,Tops,Red,Summer,2012.0,Casual,Doodle Girls Red Printed Top,data/fashion-dataset/images\50719.jpg
4885,Women,Apparel,Topwear,Tops,Purple,Summer,2011.0,Casual,Levis Kids Girl's Darcy Purple Kidswear,data/fashion-dataset/images\4885.jpg
7206,Women,Apparel,Topwear,Tops,White,Fall,2011.0,Casual,Jealous 21 Women's Pink Flowers Offwhite Top,data/fashion-dataset/images\7206.jpg
41785,Women,Apparel,Topwear,Tops,Purple,Summer,2012.0,Casual,Remanika Women Purple Top,data/fashion-dataset/images\41785.jpg
40423,Women,Apparel,Topwear,Tops,White,Summer,2012.0,Casual,Tonga Women White Top,data/fashion-dataset/images\40423.jpg
7208,Women,Apparel,Topwear,Tops,White,Fall,2011.0,Casual,Jealous 21 Women's Flower Printed White Top,data/fashion-dataset/images\7208.jpg
58514,Women,Apparel,Topwear,Tops,Grey,Summer,2012.0,Casual,Tonga Women Grey Top,data/fashion-dataset/images\58514.jpg
5009,Women,Apparel,Topwear,Tops,Blue,Summer,2011.0,Casual,Gini and Jony Girl's Pacey Blue Kidswear,data/fashion-dataset/images\5009.jpg
9156,Women,Apparel,Topwear,Tops,Purple,Fall,2011.0,Casual,Jealous 21 Women Lavender Purple Tops,data/fashion-dataset/images\9156.jpg
48090,Women,Apparel,Topwear,Tops,Olive,Summer,2012.0,Casual,French Connection Women Olive Top,data/fashion-dataset/images\48090.jpg
14136,Women,Apparel,Topwear,Tops,Black,Summer,2011.0,Casual,Jealous 21 Women Stripes Black Tops,data/fashion-dataset/images\14136.jpg
5108,Women,Apparel,Topwear,Tops,Blue,Summer,2011.0,Casual,Wrangler Women Yoke Tucks Check Blue Black Top,data/fashion-dataset/images\5108.jpg
7304,Women,Apparel,Topwear,Tops,Pink,Summer,2011.0,Casual,UCB Women's Short Sleeve Pink Top,data/fashion-dataset/images\7304.jpg
42245,Women,Apparel,Topwear,Tops,Pink,Summer,2012.0,Casual,Sepia Women Pink Top,data/fashion-dataset/images\42245.jpg
10677,Women,Apparel,Topwear,Tops,Pink,Fall,2011.0,Casual,Doodle Girl Flap doodle angel Pink Tops,data/fashion-dataset/images\10677.jpg
33540,Women,Apparel,Topwear,Tops,Red,Summer,2012.0,Casual,Wrangler Women Maddy Red Top,data/fashion-dataset/images\33540.jpg
51458,Women,Apparel,Topwear,Tops,Black,Summer,2012.0,Casual,Tonga Women Black Top,data/fashion-dataset/images\51458.jpg
6897,Women,Apparel,Topwear,Tops,Cream,Summer,2011.0,Casual,Forever New Women Embellishments Cream Top,data/fashion-dataset/images\6897.jpg
35445,Girls,Apparel,Topwear,Tops,Pink,Summer,2012.0,Casual,Doodle Girls Pink Top,data/fashion-dataset/images\35445.jpg
58498,Women,Apparel,Topwear,Tops,White,Summer,2012.0,Casual,Tonga Women Printed White Top,data/fashion-dataset/images\58498.jpg
33762,Women,Apparel,Topwear,Tops,Pink,Summer,2012.0,Casual,Vero Moda Women Viva Pink Top,data/fashion-dataset/images\33762.jpg
34001,Women,Apparel,Topwear,Tops,Brown,Summer,2012.0,Casual,Femella Women Brown Top,data/fashion-dataset/images\34001.jpg
31783,Women,Apparel,Topwear,Tops,Purple,Summer,2012.0,Casual,Lee Women Purple Paula Pansy Top,data/fashion-dataset/images\31783.jpg
34094,Girls,Apparel,Topwear,Tops,Lime Green,Summer,2012.0,Casual,Doodle Girls Printed Lime Green Top,data/fashion-dataset/images\34094.jpg
23053,Women,Apparel,Topwear,Tops,Purple,Fall,2011.0,Casual,Arrow Woman Purple Printed Top,data/fashion-dataset/images\23053.jpg
35984,Women,Apparel,Topwear,Tops,Blue,Summer,2012.0,Casual,Flying Machine Women Printed Cobalt Blue Top,data/fashion-dataset/images\35984.jpg
27854,Women,Apparel,Topwear,Tops,Maroon,Summer,2012.0,Casual,Scullers For Her Women Maroon Top,data/fashion-dataset/images\27854.jpg
24924,Women,Apparel,Topwear,Tops,Blue,Summer,2012.0,Casual,United Colors of Benetton Women Blue Top,data/fashion-dataset/images\24924.jpg
43688,Girls,Apparel,Topwear,Tops,Pink,Summer,2012.0,Casual,Doodle Girls Pink Top,data/fashion-dataset/images\43688.jpg
42218,Women,Apparel,Topwear,Tops,Blue,Summer,2012.0,Casual,Sepia Women Blue Printed Top,data/fashion-dataset/images\42218.jpg
7313,Women,Apparel,Topwear,Tops,White,Summer,2011.0,Casual,UCB Women Sleeveless White Top,data/fashion-dataset/images\7313.jpg
19615,Women,Apparel,Topwear,Tops,Olive,Summer,2011.0,Casual,United Colors of Benetton Women Solid Olive Top,data/fashion-dataset/images\19615.jpg
7203,Women,Apparel,Topwear,Tops,Blue,Fall,2011.0,Casual,Jealous 21 Women Lady With The Hat Blue Top,data/fashion-dataset/images\7203.jpg
5759,Women,Apparel,Topwear,Tops,Black,Summer,2011.0,Casual,Jealous 21 Women Black Party Top,data/fashion-dataset/images\5759.jpg
11755,Women,Apparel,Topwear,Tops,White,Summer,2011.0,Casual,Lee Women Solid White Shirts,data/fashion-dataset/images\11755.jpg
11439,Women,Apparel,Topwear,Tops,Navy Blue,Fall,2011.0,Casual,United Colors of Benetton Women Solid Navy Blue Top,data/fashion-dataset/images\11439.jpg
5109,Women,Apparel,Topwear,Tops,Black,Summer,2011.0,Casual,Wrangler Women Long Polka White Red Top,data/fashion-dataset/images\5109.jpg
19593,Women,Apparel,Topwear,Tops,Brown,Fall,2011.0,Casual,United Colors of Benetton Women Printed Brown Top,data/fashion-dataset/images\19593.jpg
31792,Women,Apparel,Topwear,Tops,Orange,Summer,2012.0,Casual,Lee Women Apple Coral Top,data/fashion-dataset/images\31792.jpg
13335,Women,Apparel,Topwear,Tops,Pink,Fall,2011.0,Casual,Gini and Jony Kids Girls Printed Pink Tops,data/fashion-dataset/images\13335.jpg
3967,Women,Apparel,Topwear,Tops,Pink,Summer,2011.0,Casual,Jealous 21 Women Pink & Beige Long Top,data/fashion-dataset/images\3967.jpg
57817,Women,Apparel,Topwear,Tops,Green,Fall,2012.0,Casual,United Colors of Benetton Women Green Top,data/fashion-dataset/images\57817.jpg
26921,Women,Apparel,Topwear,Tops,Black,Summer,2012.0,Casual,Jealous 21 Women Black Top,data/fashion-dataset/images\26921.jpg
44703,Women,Apparel,Topwear,Tops,Cream,Summer,2012.0,Casual,Wills Lifestyle Women Cream Top,data/fashion-dataset/images\44703.jpg
52164,Women,Apparel,Topwear,Tops,Purple,Summer,2012.0,Casual,Femella Women Purple Top,data/fashion-dataset/images\52164.jpg
4907,Women,Apparel,Topwear,Tops,Green,Summer,2011.0,Casual,Palm Tree Girl's Linnea White Green Kidswear,data/fashion-dataset/images\4907.jpg
44810,Women,Apparel,Topwear,Tops,Purple,Summer,2012.0,Casual,Spykar Women Purple Top,data/fashion-dataset/images\44810.jpg
9332,Women,Apparel,Topwear,Tops,White,Fall,2011.0,Casual,Puma Women Ess Striped White Tops,data/fashion-dataset/images\9332.jpg
48492,Women,Apparel,Topwear,Tops,Beige,Winter,2011.0,Casual,French Connection Women Beige Top,data/fashion-dataset/images\48492.jpg
38331,Girls,Apparel,Topwear,Tops,White,Summer,2012.0,Casual,Hannah Montana Girls White Top,data/fashion-dataset/images\38331.jpg
59872,Women,Apparel,Topwear,Tops,Grey,Fall,2012.0,Casual,Femella Women Grey Top,data/fashion-dataset/images\59872.jpg
5794,Women,Apparel,Topwear,Tops,Black,Summer,2011.0,Casual,Jealous 21 Women Party Black Top,data/fashion-dataset/images\5794.jpg
4618,Women,Apparel,Topwear,Tops,Pink,Summer,2011.0,Casual,Jealous 21 Women Knit Design Pink Top,data/fashion-dataset/images\4618.jpg
18734,Women,Apparel,Topwear,Tops,Off White,Fall,2011.0,Casual,Arrow Woman Bow Off White Top,data/fashion-dataset/images\18734.jpg
57111,Women,Apparel,Topwear,Tops,Blue,Summer,2012.0,Casual,Elle Women Blue Top,data/fashion-dataset/images\57111.jpg
35261,Women,Apparel,Topwear,Tops,White,Summer,2012.0,Casual,Lee Women Jennifer White Top,data/fashion-dataset/images\35261.jpg
37190,Women,Apparel,Topwear,Tops,Black,Summer,2012.0,Casual,United Colors of Benetton Women Black Top,data/fashion-dataset/images\37190.jpg
19647,Women,Apparel,Topwear,Tops,Pink,Summer,2011.0,Casual,United Colors of Benetton Women Solid Pink Top,data/fashion-dataset/images\19647.jpg
41378,Women,Apparel,Topwear,Tops,Black,Summer,2012.0,Casual,Wrangler Women Maria Black Top,data/fashion-dataset/images\41378.jpg
20005,Women,Apparel,Topwear,Tops,Blue,Fall,2011.0,Casual,United Colors of Benetton Women Blue Printed Top,data/fashion-dataset/images\20005.jpg
40373,Women,Apparel,Topwear,Tops,White,Summer,2012.0,Casual,Tokyo Talkies Women White Top,data/fashion-dataset/images\40373.jpg
39746,Girls,Apparel,Topwear,Tops,Black,Summer,2012.0,Casual,Gini Jony Girls Black Top,data/fashion-dataset/images\39746.jpg
8433,Women,Apparel,Topwear,Tops,Brown,Fall,2011.0,Casual,Jealous 21 Women Jealous Ebony Brown Top Brown Tops,data/fashion-dataset/images\8433.jpg
38945,Girls,Apparel,Topwear,Tops,White,Summer,2012.0,Casual,Gini and Jony Girls Printed White Top,data/fashion-dataset/images\38945.jpg
18900,Women,Apparel,Topwear,Tops,Black,Fall,2011.0,Casual,Arrow Woman Igor Black Top,data/fashion-dataset/images\18900.jpg
51459,Women,Apparel,Topwear,Tops,White,Summer,2012.0,Casual,Tonga Women White Top,data/fashion-dataset/images\51459.jpg
8452,Women,Apparel,Topwear,Tops,Blue,Fall,2011.0,Casual,Jealous 21 Women Jealous Rain Blue Top Blue Tops,data/fashion-dataset/images\8452.jpg
26878,Women,Apparel,Topwear,Tops,Yellow,Summer,2012.0,Casual,Jealous 21 Women Printed Yellow Top,data/fashion-dataset/images\26878.jpg
12608,Women,Apparel,Topwear,Tops,Maroon,Fall,2011.0,Casual,Jealous 21 Women Printed Maroon Tops,data/fashion-dataset/images\12608.jpg
44697,Women,Apparel,Topwear,Tops,Red,Fall,2012.0,Casual,Wills Lifestyle Red & White Checked Top,data/fashion-dataset/images\44697.jpg
26956,Women,Apparel,Topwear,Tops,Black,Summer,2012.0,Casual,Jealous 21 Women Black Top,data/fashion-dataset/images\26956.jpg
29169,Women,Apparel,Topwear,Tops,Blue,Summer,2012.0,Casual,United Colors of Benetton Women Blue Top,data/fashion-dataset/images\29169.jpg
57170,Women,Apparel,Topwear,Tops,Black,Summer,2012.0,Casual,Elle Women Black Retro Top,data/fashion-dataset/images\57170.jpg
44809,Women,Apparel,Topwear,Tops,Black,Summer,2012.0,Casual,Spykar Women Black Top,data/fashion-dataset/images\44809.jpg
36751,Girls,Apparel,Topwear,Tops,White,Summer,2012.0,Casual,Little Miss Girls Blah White Top,data/fashion-dataset/images\36751.jpg
20016,Women,Apparel,Topwear,Tops,Pink,Summer,2012.0,Casual,United Colors of Benetton Women Printed Pink Top,data/fashion-dataset/images\20016.jpg
32381,Women,Apparel,Topwear,Tops,Lavender,Summer,2012.0,Casual,Arrow Woman Lavender Top,data/fashion-dataset/images\32381.jpg
5750,Women,Apparel,Topwear,Tops,Red,Summer,2011.0,Casual,Jealous 21 Women V Neck Sequined Red Top,data/fashion-dataset/images\5750.jpg
6198,Women,Apparel,Topwear,Tops,Black,Summer,2011.0,Casual,UCB Women Basic Spaghetti Black Top,data/fashion-dataset/images\6198.jpg
36207,Girls,Apparel,Topwear,Tops,White,Summer,2012.0,Casual,Gini Jony Girls Printed White Top,data/fashion-dataset/images\36207.jpg
42205,Women,Apparel,Topwear,Tops,Blue,Summer,2012.0,Casual,Sepia Women Blue Top,data/fashion-dataset/images\42205.jpg
59399,Women,Apparel,Topwear,Tops,Yellow,Fall,2012.0,Casual,Tokyo Talkies Women Yellow Top,data/fashion-dataset/images\59399.jpg
54941,Women,Apparel,Topwear,Tops,Teal,Summer,2012.0,Casual,Do u speak green Women Teal Top,data/fashion-dataset/images\54941.jpg
24577,Women,Apparel,Topwear,Tops,White,Fall,2011.0,Casual,Flying Machine Women White Printed Top,data/fashion-dataset/images\24577.jpg
14627,Women,Apparel,Topwear,Tops,Grey,Fall,2011.0,Casual,United Colors of Benetton Women Solid Grey Tops,data/fashion-dataset/images\14627.jpg
21111,Women,Apparel,Topwear,Tops,Purple,Fall,2011.0,Casual,s.Oliver Women Check Purple Top,data/fashion-dataset/images\21111.jpg
57165,Women,Apparel,Topwear,Tops,Magenta,Summer,2012.0,Casual,Elle Women Magenta Clash Top,data/fashion-dataset/images\57165.jpg
8448,Women,Apparel,Topwear,Tops,Grey,Fall,2011.0,Casual,Jealous 21 Women about my style Purple Top,data/fashion-dataset/images\8448.jpg
40993,Girls,Apparel,Topwear,Tops,Pink,Summer,2012.0,Casual,Gini and Jony Girls Pink Striped Top,data/fashion-dataset/images\40993.jpg
21165,Women,Apparel,Topwear,Tops,Navy Blue,Fall,2011.0,Casual,s.Oliver Women Layered Navy Blue Top,data/fashion-dataset/images\21165.jpg
57126,Women,Apparel,Topwear,Tops,Red,Summer,2012.0,Casual,Elle Women Printed Red Top,data/fashion-dataset/images\57126.jpg
41971,Girls,Apparel,Topwear,Tops,Blue,Summer,2012.0,Casual,Gini and Jony Girls Summer Up Blue Top,data/fashion-dataset/images\41971.jpg
13471,Women,Apparel,Topwear,Tops,Blue,Summer,2011.0,Casual,United Colors of Benetton Women Solid Blue Tunic,data/fashion-dataset/images\13471.jpg
27899,Women,Apparel,Topwear,Tops,Purple,Summer,2012.0,Casual,Scullers For Her Women Purple Top,data/fashion-dataset/images\27899.jpg
26914,Women,Apparel,Topwear,Tops,Pink,Summer,2012.0,Casual,Jealous 21 Women Printed Pink Top,data/fashion-dataset/images\26914.jpg
25891,Women,Apparel,Topwear,Tops,Beige,Summer,2012.0,Casual,Femella Women Beige Top,data/fashion-dataset/images\25891.jpg
24976,Women,Apparel,Topwear,Tops,Peach,Summer,2012.0,Casual,United Colors of Benetton Women Peach Top,data/fashion-dataset/images\24976.jpg
26905,Women,Apparel,Topwear,Tops,Off White,Summer,2012.0,Casual,Jealous 21 Women Off White Top,data/fashion-dataset/images\26905.jpg
9334,Women,Apparel,Topwear,Tops,Black,Fall,2011.0,Casual,Puma Women Heroes Graphic Black Tops,data/fashion-dataset/images\9334.jpg
6597,Women,Apparel,Topwear,Tops,Green,Summer,2011.0,Casual,Spykar Women's Round Neck Green Top,data/fashion-dataset/images\6597.jpg
33153,Girls,Apparel,Topwear,Tops,White,Summer,2012.0,Casual,Gini and Jony Girls Printed White Top,data/fashion-dataset/images\33153.jpg
50708,Women,Apparel,Topwear,Tops,Yellow,Summer,2012.0,Casual,Latin Quarters Women Yellow Striped Top,data/fashion-dataset/images\50708.jpg
1978,Women,Apparel,Topwear,Tops,Yellow,Fall,2010.0,Casual,Puma Women Yellow Sleeveless Top,data/fashion-dataset/images\1978.jpg
48516,Women,Apparel,Topwear,Tops,Pink,Summer,2012.0,Casual,French Connection Women Pink Top,data/fashion-dataset/images\48516.jpg
11364,Women,Apparel,Topwear,Tops,Magenta,Fall,2011.0,Casual,United Colors of Benetton Women Magenta Top,data/fashion-dataset/images\11364.jpg
40376,Women,Apparel,Topwear,Tops,Yellow,Summer,2012.0,Casual,Tokyo Talkies Women Yellow Top,data/fashion-dataset/images\40376.jpg
2591,Women,Apparel,Topwear,Tops,Black,Summer,2011.0,Casual,Tribord Women Tankini Black Top,data/fashion-dataset/images\2591.jpg
45955,Women,Apparel,Topwear,Tops,Blue,Summer,2012.0,Casual,Tokyo Talkies Women Blue Top,data/fashion-dataset/images\45955.jpg
27851,Women,Apparel,Topwear,Tops,Orange,Summer,2012.0,Casual,Scullers For Her Orange Top,data/fashion-dataset/images\27851.jpg
2938,Women,Apparel,Topwear,Tops,Multi,Fall,2010.0,Casual,DUSG Women Crane Bamboo Top,data/fashion-dataset/images\2938.jpg
52118,Women,Apparel,Topwear,Tops,White,Summer,2012.0,Casual,Myntra Women Multi Coloured Printed Top,data/fashion-dataset/images\52118.jpg
48513,Women,Apparel,Topwear,Tops,Black,Summer,2012.0,Casual,French Connection Women Black Top,data/fashion-dataset/images\48513.jpg
42221,Women,Apparel,Topwear,Tops,Blue,Summer,2012.0,Casual,Sepia Women Blue Top,data/fashion-dataset/images\42221.jpg
11369,Women,Apparel,Topwear,Tops,Pink,Fall,2011.0,Casual,United Colors Of Benetton Women Light Winter Pink Tops,data/fashion-dataset/images\11369.jpg
48503,Women,Apparel,Topwear,Tops,Cream,Summer,2012.0,Casual,French Connection Women Cream Top,data/fashion-dataset/images\48503.jpg
26876,Women,Apparel,Topwear,Tops,White,Summer,2012.0,Casual,Jealous 21 Women White Top,data/fashion-dataset/images\26876.jpg
32596,Women,Apparel,Topwear,Tops,Peach,Summer,2012.0,Casual,ONLY Women Peach Long Tank Top,data/fashion-dataset/images\32596.jpg
36731,Girls,Apparel,Topwear,Tops,Pink,Summer,2012.0,Casual,Gini and Jony Girls Striped Pink Top,data/fashion-dataset/images\36731.jpg
10506,Women,Apparel,Topwear,Tops,Red,Fall,2011.0,Casual,Flying Machine Women Fuschia Red Tshirts,data/fashion-dataset/images\10506.jpg
33152,Girls,Apparel,Topwear,Tops,Green,Summer,2012.0,Casual,Gini and Jony Girls Printed Green Top,data/fashion-dataset/images\33152.jpg
45972,Women,Apparel,Topwear,Tops,Red,Summer,2012.0,Casual,Tokyo Talkies Women Red Printed Top,data/fashion-dataset/images\45972.jpg
7146,Women,Apparel,Topwear,Tops,Red,Fall,2011.0,Casual,Scullers For Her Women's Wow Knit Red Top,data/fashion-dataset/images\7146.jpg
45781,Women,Apparel,Topwear,Tops,Black,Summer,2012.0,Casual,Remanika Women Black and White Top,data/fashion-dataset/images\45781.jpg
8461,Women,Apparel,Topwear,Tops,Pink,Fall,2011.0,Casual,Jealous 21 Women Jealous Caley Pink Top Pink Tops,data/fashion-dataset/images\8461.jpg
10403,Women,Apparel,Topwear,Tops,Purple,Fall,2011.0,Casual,Jealous 21 Women Uri Purple Tops,data/fashion-dataset/images\10403.jpg
48510,Women,Apparel,Topwear,Tops,Beige,Summer,2012.0,Casual,French Connection Women Beige & Blue Striped Top,data/fashion-dataset/images\48510.jpg
23624,Girls,Apparel,Topwear,Tops,White,Fall,2011.0,Casual,Doodle Kids Girls White I love Shopping Top,data/fashion-dataset/images\23624.jpg
41775,Women,Apparel,Topwear,Tops,Green,Summer,2012.0,Casual,Remanika Women Lime Green Top,data/fashion-dataset/images\41775.jpg
4911,Women,Apparel,Topwear,Tops,Pink,Summer,2011.0,Casual,Levis Kids Girl's Dionne Pink Kidswear,data/fashion-dataset/images\4911.jpg
7181,Women,Apparel,Topwear,Tops,White,Fall,2011.0,Casual,Jealous 21 Women Off White Flower Printed Top,data/fashion-dataset/images\7181.jpg
6609,Men,Apparel,Topwear,Tops,White,Summer,2011.0,Casual,Spykar Men's Stripes White Top,data/fashion-dataset/images\6609.jpg
20247,Women,Apparel,Topwear,Tops,Magenta,Summer,2012.0,Casual,Wrangler Women Striped Purple Top,data/fashion-dataset/images\20247.jpg
11435,Women,Apparel,Topwear,Tops,White,Fall,2011.0,Casual,United Colors of Benetton Women Light Winter White Tops,data/fashion-dataset/images\11435.jpg
31172,Girls,Apparel,Topwear,Tops,Peach,Summer,2012.0,Casual,Gini and Jony Girls Peach Top,data/fashion-dataset/images\31172.jpg
4908,Women,Apparel,Topwear,Tops,Red,Summer,2011.0,Casual,Levis Kids Girl's Darcy Red Teens Kidswear,data/fashion-dataset/images\4908.jpg
9333,Women,Apparel,Topwear,Tops,White,Fall,2011.0,Casual,Puma Women Edition White Tops,data/fashion-dataset/images\9333.jpg
5772,Women,Apparel,Topwear,Tops,Purple,Summer,2011.0,Casual,Jealous 21 Women's Purple Graphic Top,data/fashion-dataset/images\5772.jpg
34007,Girls,Apparel,Topwear,Tops,Pink,Summer,2012.0,Casual,Gini and Jony Girls Pink Top,data/fashion-dataset/images\34007.jpg
5777,Women,Apparel,Topwear,Tops,Blue,Summer,2011.0,Casual,Jealous 21 Women Blue Floral Top,data/fashion-dataset/images\5777.jpg
33541,Women,Apparel,Topwear,Tops,Navy Blue,Summer,2012.0,Casual,Wrangler Women Rosy Navy Blue Top,data/fashion-dataset/images\33541.jpg
2915,Women,Apparel,Topwear,Tops,White,Fall,2010.0,Casual,DUSG Women Bandhavgarh Organic Aqua Top,data/fashion-dataset/images\2915.jpg
16130,Women,Apparel,Topwear,Tops,Pink,Fall,2011.0,Casual,Tokyo Talkies Women Printed Pink Top,data/fashion-dataset/images\16130.jpg
57122,Women,Apparel,Topwear,Tops,White,Summer,2012.0,Casual,Elle Women White Tops,data/fashion-dataset/images\57122.jpg
40395,Women,Apparel,Topwear,Tops,White,Summer,2012.0,Casual,Tonga Women White & Grey Striped Top,data/fashion-dataset/images\40395.jpg
43536,Women,Apparel,Topwear,Tops,Peach,Summer,2012.0,Casual,French Connection Women Peach Top,data/fashion-dataset/images\43536.jpg
7427,Women,Apparel,Topwear,Tops,Black,Summer,2011.0,Casual,W Women's Deep U Neck Short Sleeve Black Top,data/fashion-dataset/images\7427.jpg
40403,Women,Apparel,Topwear,Tops,Beige,Summer,2012.0,Casual,Tonga Women Beige & Brown Top,data/fashion-dataset/images\40403.jpg
21168,Women,Apparel,Topwear,Tops,Blue,Fall,2011.0,Casual,s.Oliver Women Check Blue Top,data/fashion-dataset/images\21168.jpg
19575,Women,Apparel,Topwear,Tops,Black,Summer,2011.0,Casual,United Colors of Benetton Women Solid Black Top,data/fashion-dataset/images\19575.jpg
5780,Women,Apparel,Topwear,Tops,Purple,Summer,2011.0,Casual,Jealous 21 Women. Graphic Purple Top,data/fashion-dataset/images\5780.jpg
11442,Women,Apparel,Topwear,Tops,Purple,Fall,2011.0,Casual,United Colors of Benetton Women Light Winter Purple Tops,data/fashion-dataset/images\11442.jpg
39222,Women,Apparel,Topwear,Tops,Black,Summer,2012.0,Casual,Femella Women Front Ruffle Black Top,data/fashion-dataset/images\39222.jpg
59796,Women,Apparel,Topwear,Tops,Blue,Fall,2012.0,Casual,United Colors of Benetton Women Multi Coloured Top,data/fashion-dataset/images\59796.jpg
43619,Women,Apparel,Topwear,Tops,Yellow,Summer,2012.0,Casual,Vero Moda Women Yellow Top,data/fashion-dataset/images\43619.jpg
3964,Women,Apparel,Topwear,Tops,Blue,Summer,2011.0,Casual,Jealous 21 Women Blue V Neck Party Top,data/fashion-dataset/images\3964.jpg
9996,Women,Apparel,Topwear,Tops,Blue,Summer,2011.0,Casual,Palm Tree Girls Sp Jelly Top Blue Tops,data/fashion-dataset/images\9996.jpg
42233,Women,Apparel,Topwear,Tops,Blue,Summer,2012.0,Casual,Sepia Women Blue Top,data/fashion-dataset/images\42233.jpg
43654,Women,Apparel,Topwear,Tops,Cream,Summer,2012.0,Casual,ONLY Women Cream Printed Top,data/fashion-dataset/images\43654.jpg
11381,Women,Apparel,Topwear,Tops,Multi,Fall,2011.0,Casual,United Colors of Benetton Women Multi Coloured Top,data/fashion-dataset/images\11381.jpg
12850,Women,Apparel,Topwear,Tops,Green,Fall,2011.0,Casual,Ant Kids Girl Cheerful Green Tops,data/fashion-dataset/images\12850.jpg
43661,Women,Apparel,Topwear,Tops,Brown,Summer,2012.0,Casual,ONLY Women Brown Top,data/fashion-dataset/images\43661.jpg
18722,Women,Apparel,Topwear,Tops,White,Fall,2011.0,Casual,Arrow Woman Squirella White Top,data/fashion-dataset/images\18722.jpg
45942,Women,Apparel,Topwear,Tops,Pink,Summer,2012.0,Casual,Mumbai Slang Women Pink Top,data/fashion-dataset/images\45942.jpg
26897,Women,Apparel,Topwear,Tops,White,Summer,2012.0,Casual,Jealous 21 Women White Top,data/fashion-dataset/images\26897.jpg
11355,Women,Apparel,Topwear,Tops,Black,Fall,2011.0,Casual,United Colors Of Benetton Women Light Winter Black Tops,data/fashion-dataset/images\11355.jpg
31123,Girls,Apparel,Topwear,Tops,White,Summer,2012.0,Casual,Gini and Jony Girls Printed White Top,data/fashion-dataset/images\31123.jpg
32401,Women,Apparel,Topwear,Tops,White,Summer,2012.0,Casual,Arrow Woman Printed Multi Coloured Top,data/fashion-dataset/images\32401.jpg
19608,Women,Apparel,Topwear,Tops,Olive,Summer,2011.0,Casual,United Colors of Benetton Women Solid Olive Top,data/fashion-dataset/images\19608.jpg
7207,Women,Apparel,Topwear,Tops,Pink,Fall,2011.0,Casual,Jealous 21 Women Black Flower Print Pink Top,data/fashion-dataset/images\7207.jpg
34580,Women,Apparel,Topwear,Tops,Black,Summer,2012.0,Casual,Tonga Women Black Top,data/fashion-dataset/images\34580.jpg
2703,Girls,Apparel,Topwear,Tops,Pink,Summer,2011.0,Casual,Disney Kids Girl's Check Pink Kidswear,data/fashion-dataset/images\2703.jpg
43700,Women,Apparel,Topwear,Tops,Green,Summer,2012.0,Casual,Remanika Women Green Top,data/fashion-dataset/images\43700.jpg
5414,Girls,Apparel,Topwear,Tops,Purple,Summer,2011.0,Casual,Ant Kids Girl's Purple Top With Sequins Kidswear,data/fashion-dataset/images\5414.jpg
54084,Women,Apparel,Topwear,Tops,Blue,Summer,2012.0,Casual,Mumbai Slang Women Blue Top,data/fashion-dataset/images\54084.jpg
18716,Women,Apparel,Topwear,Tops,Black,Fall,2011.0,Casual,Arrow Woman Shanna Black Top,data/fashion-dataset/images\18716.jpg
5171,Women,Apparel,Topwear,Tops,Red,Summer,2011.0,Casual,Wrangler Women's Short Placket Red Tops,data/fashion-dataset/images\5171.jpg
25691,Women,Apparel,Topwear,Tops,Navy Blue,Summer,2012.0,Casual,Mumbai Slang Women Printed Navy Blue Top,data/fashion-dataset/images\25691.jpg
26902,Women,Apparel,Topwear,Tops,Lavender,Summer,2012.0,Casual,Jealous 21 Women Printed Lavender Top,data/fashion-dataset/images\26902.jpg
5765,Women,Apparel,Topwear,Tops,Black,Summer,2011.0,Casual,Jealous 21 Women Black Sleevless Top,data/fashion-dataset/images\5765.jpg
19674,Women,Apparel,Topwear,Tops,Black,Summer,2011.0,Casual,United Colors of Benetton Women Printed Black Top,data/fashion-dataset/images\19674.jpg
38290,Girls,Apparel,Topwear,Tops,Turquoise Blue,Summer,2012.0,Casual,Kids Ville Girls Turquoise Blue Top,data/fashion-dataset/images\38290.jpg
54991,Women,Apparel,Topwear,Tops,Peach,Fall,2012.0,Casual,Femella Women Peach Kaftan Top,data/fashion-dataset/images\54991.jpg
51460,Women,Apparel,Topwear,Tops,White,Summer,2012.0,Casual,Tonga Women White & Black Top,data/fashion-dataset/images\51460.jpg
54089,Women,Apparel,Topwear,Tops,Purple,Summer,2012.0,Casual,Mumbai Slang Women Purple Top,data/fashion-dataset/images\54089.jpg
43923,Women,Apparel,Topwear,Tops,Blue,Summer,2012.0,Casual,Femella Women Blue Top,data/fashion-dataset/images\43923.jpg
19635,Women,Apparel,Topwear,Tops,Brown,Fall,2011.0,Casual,United Colors Of Benetton Women Brown Top,data/fashion-dataset/images\19635.jpg
42565,Women,Apparel,Topwear,Tops,Green,Summer,2012.0,Casual,Mother Earth Women Green Top,data/fashion-dataset/images\42565.jpg
7310,Women,Apparel,Topwear,Tops,Pink,Summer,2011.0,Casual,UCB Women's Short Sleeve Round Neck Pink Top,data/fashion-dataset/images\7310.jpg
5869,Women,Apparel,Topwear,Tops,Yellow,Summer,2011.0,Casual,ADIDAS Women's Clean Yellow Top,data/fashion-dataset/images\5869.jpg
33218,Women,Apparel,Topwear,Tops,Multi,Summer,2012.0,Casual,Sepia Women Printed Multi Coloured Top,data/fashion-dataset/images\33218.jpg
45970,Women,Apparel,Topwear,Tops,Grey Melange,Summer,2012.0,Casual,Tokyo Talkies Women Grey Melange Printed Top,data/fashion-dataset/images\45970.jpg
10354,Women,Apparel,Topwear,Tops,Blue,Fall,2011.0,Casual,United Colors of Benetton Women Checks Blue Tops,data/fashion-dataset/images\10354.jpg
40941,Girls,Apparel,Topwear,Tops,Pink,Summer,2012.0,Casual,Gini and Jony Girls Pretty Pink Top,data/fashion-dataset/images\40941.jpg
11258,Women,Apparel,Topwear,Tops,Black,Fall,2011.0,Sports,Puma Women Black Essential Racerback Tank Top,data/fashion-dataset/images\11258.jpg
44814,Women,Apparel,Topwear,Tops,Maroon,Summer,2012.0,Casual,Spykar Women Maroon Top,data/fashion-dataset/images\44814.jpg
58172,Women,Accessories,Bags,Handbags,Grey,Fall,2012.0,Casual,Rocky S Women Stone Grey Handbag,data/fashion-dataset/images\58172.jpg
54388,Women,Accessories,Bags,Handbags,Brown,Summer,2012.0,Casual,Baggit Women Brown Handbag,data/fashion-dataset/images\54388.jpg
44278,Women,Accessories,Bags,Handbags,Black,Summer,2012.0,Casual,Murcia Women Black Handpainted Print Handbag,data/fashion-dataset/images\44278.jpg
17129,Women,Accessories,Bags,Handbags,Black,Winter,2015.0,Casual,Lino Perros Women Classic Black  Handbag,data/fashion-dataset/images\17129.jpg
57846,Unisex,Accessories,Bags,Handbags,Beige,Summer,2012.0,Casual,Lino Perros Unisex Beige Sling Bag,data/fashion-dataset/images\57846.jpg
36505,Women,Accessories,Bags,Handbags,White,Summer,2012.0,Casual,United Colors of Benetton Women White Handbag,data/fashion-dataset/images\36505.jpg
20420,Women,Accessories,Bags,Handbags,Purple,Winter,2015.0,Casual,Baggit Women Bijli Taj Purple Handbag,data/fashion-dataset/images\20420.jpg
33393,Women,Accessories,Bags,Handbags,Brown,Summer,2012.0,Casual,Baggit Women Faltu Taj Brown Handbag,data/fashion-dataset/images\33393.jpg
57261,Women,Accessories,Bags,Handbags,Brown,Summer,2012.0,Casual,Murcia Women Brown Handbag,data/fashion-dataset/images\57261.jpg
15660,Unisex,Accessories,Bags,Handbags,Black,Fall,2011.0,Casual,Belkin Unisex Dash Laptop 16,data/fashion-dataset/images\15660.jpg
52622,Women,Accessories,Bags,Handbags,Purple,Summer,2012.0,Casual,Mod-acc Women Purple Handbag,data/fashion-dataset/images\52622.jpg
16761,Women,Accessories,Bags,Handbags,Olive,Winter,2015.0,Casual,Spice Art Women Leatherette  Olive Handbags,data/fashion-dataset/images\16761.jpg
25261,Women,Accessories,Bags,Handbags,Beige,Summer,2012.0,Casual,Lino Perros Women Canvas Beige Handbag,data/fashion-dataset/images\25261.jpg
47351,Women,Accessories,Bags,Handbags,Black,Summer,2012.0,Casual,Baggit Women Black Bag,data/fashion-dataset/images\47351.jpg
29741,Women,Accessories,Bags,Handbags,Green,Summer,2012.0,Casual,Kiara Women Leatherette Green Handbag,data/fashion-dataset/images\29741.jpg
38444,Women,Accessories,Bags,Handbags,Brown,Summer,2012.0,Casual,Baggit Women Green Handbag,data/fashion-dataset/images\38444.jpg
42933,Unisex,Accessories,Bags,Handbags,Blue,Summer,2012.0,Casual,French Connection Unisex Blue Bag,data/fashion-dataset/images\42933.jpg
47391,Women,Accessories,Bags,Handbags,Beige,Fall,2012.0,Casual,Baggit Women Beige Handbag,data/fashion-dataset/images\47391.jpg
49559,Women,Accessories,Bags,Handbags,Purple,Summer,2012.0,Casual,Rocia Women Purple Handbag,data/fashion-dataset/images\49559.jpg
42936,Men,Accessories,Bags,Handbags,Khaki,Summer,2012.0,Casual,French Connection Men Khaki Handbag,data/fashion-dataset/images\42936.jpg
29729,Women,Accessories,Bags,Handbags,Green,Summer,2012.0,Casual,Kiara Women Leatherette Green Handbag,data/fashion-dataset/images\29729.jpg
20399,Women,Accessories,Bags,Handbags,Brown,Winter,2015.0,Casual,Baggit Women Possible Taj Brown Handbag,data/fashion-dataset/images\20399.jpg
53914,Women,Accessories,Bags,Handbags,White,Summer,2012.0,Casual,Kiara Women White Handbag,data/fashion-dataset/images\53914.jpg
2661,Women,Accessories,Bags,Handbags,Pink,Winter,2015.0,Casual,Murcia Women Jute Sling Pink Bag,data/fashion-dataset/images\2661.jpg
1598,Women,Accessories,Bags,Handbags,Blue,Summer,2011.0,Travel,Geonaute Women Blue Outdoor Bag,data/fashion-dataset/images\1598.jpg
20830,Unisex,Accessories,Bags,Handbags,Navy Blue,Summer,2011.0,Sports,Nike Unisex Solid Navy Blue Bag,data/fashion-dataset/images\20830.jpg
46972,Women,Accessories,Bags,Handbags,Purple,Summer,2012.0,Casual,Bulchee Women Purple Handbag,data/fashion-dataset/images\46972.jpg
8240,Women,Accessories,Bags,Handbags,Mustard,Winter,2016.0,Casual,Fastrack Women Mustard Sling Bag,data/fashion-dataset/images\8240.jpg
25150,Women,Accessories,Bags,Handbags,Black,Winter,2015.0,Casual,Lino Perros Women Leatherette Black Handbag,data/fashion-dataset/images\25150.jpg
10202,Women,Accessories,Bags,Handbags,Green,Winter,2015.0,Casual,Murcia Women Asjke Green Green Handbags,data/fashion-dataset/images\10202.jpg
21934,Women,Accessories,Bags,Handbags,Mustard,Winter,2015.0,Casual,Murcia Women Casual Mustard Handbag,data/fashion-dataset/images\21934.jpg
43571,Women,Accessories,Bags,Handbags,Purple,Summer,2012.0,Casual,Puma Purple Kenobi II Tote Bag,data/fashion-dataset/images\43571.jpg
14812,Women,Accessories,Bags,Handbags,Black,Summer,2011.0,Casual,United Colors of Benetton Women Solid Black Handbags,data/fashion-dataset/images\14812.jpg
47889,Women,Accessories,Bags,Handbags,Brown,Summer,2012.0,Casual,Murcia Women Brown Handbag,data/fashion-dataset/images\47889.jpg
21484,Women,Accessories,Bags,Handbags,Grey,Winter,2015.0,Casual,Kiara Women Grey Shiny Handbag,data/fashion-dataset/images\21484.jpg
21522,Women,Accessories,Bags,Handbags,Black,Winter,2015.0,Casual,Kiara Women Classic Black Handbag,data/fashion-dataset/images\21522.jpg
47361,Women,Accessories,Bags,Handbags,Black,Summer,2012.0,Casual,Baggit Women Black Voodoo Gang Handbag,data/fashion-dataset/images\47361.jpg
2673,Women,Accessories,Bags,Handbags,Black,Winter,2015.0,Casual,Murcia Women Sleek Black Leatherette Hand Bag,data/fashion-dataset/images\2673.jpg
20487,Women,Accessories,Bags,Handbags,Black,Winter,2015.0,Casual,Baggit Women Golmaal Taj Black Handbag,data/fashion-dataset/images\20487.jpg
49546,Women,Accessories,Bags,Handbags,Maroon,Summer,2012.0,Casual,Rocia Women Maroon Handbag,data/fashion-dataset/images\49546.jpg
50237,Women,Accessories,Bags,Handbags,Pink,Summer,2012.0,Casual,Stoln Women Pink Handbag,data/fashion-dataset/images\50237.jpg
43334,Women,Accessories,Bags,Handbags,Maroon,Spring,2013.0,Casual,Murcia Women Maroon Handbag,data/fashion-dataset/images\43334.jpg
47139,Women,Accessories,Bags,Handbags,Pink,Summer,2015.0,Casual,Be For Bag Women Combo pack Tote Bags,data/fashion-dataset/images\47139.jpg
58267,Women,Accessories,Bags,Handbags,Bronze,Fall,2012.0,Casual,Baggit Women Bronze Handbag,data/fashion-dataset/images\58267.jpg
25171,Women,Accessories,Bags,Handbags,Brown,Winter,2015.0,Casual,Lino Perros Women Black & Brown Handbag,data/fashion-dataset/images\25171.jpg
4604,Women,Accessories,Bags,Handbags,Pink,Winter,2015.0,Casual,Wildcraft Pink & Grey Printed Tote Bag,data/fashion-dataset/images\4604.jpg
38422,Women,Accessories,Bags,Handbags,Brown,Summer,2012.0,Casual,Baggit Women Brown Peepli Parinacrush Handbag,data/fashion-dataset/images\38422.jpg
21524,Women,Accessories,Bags,Handbags,Brown,Winter,2015.0,Casual,Kiara Women Women Handbag,data/fashion-dataset/images\21524.jpg
20393,Women,Accessories,Bags,Handbags,Brown,Winter,2015.0,Casual,Baggit Women Grand Hoor Brown Handbag,data/fashion-dataset/images\20393.jpg
36995,Women,Accessories,Bags,Handbags,Red,Summer,2012.0,Casual,Lino Perros Women Red Handbag,data/fashion-dataset/images\36995.jpg
27061,Women,Accessories,Bags,Handbags,Pink,Summer,2015.0,Casual,Yelloe Pink Laptop Pocket Handbag,data/fashion-dataset/images\27061.jpg
25276,Women,Accessories,Bags,Handbags,Red,Summer,2012.0,Casual,Lino Perros Women Leatherite Red Handbag,data/fashion-dataset/images\25276.jpg
20459,Women,Accessories,Bags,Handbags,Purple,Winter,2016.0,Casual,Baggit Women Libra Jhuti Purple Handbag,data/fashion-dataset/images\20459.jpg
27038,Women,Accessories,Bags,Handbags,Beige,Summer,2012.0,Casual,Yelloe Beige Easy To Handle Handbag,data/fashion-dataset/images\27038.jpg
34885,Women,Accessories,Bags,Handbags,Multi,Summer,2012.0,Casual,Envirosax Women Multi Coloured Bag,data/fashion-dataset/images\34885.jpg
27743,Women,Accessories,Bags,Handbags,Black,Winter,2015.0,Casual,Murcia Women Black Sling bag,data/fashion-dataset/images\27743.jpg
29738,Women,Accessories,Bags,Handbags,Teal,Summer,2012.0,Casual,Kiara Women Teal Handbag,data/fashion-dataset/images\29738.jpg
27737,Women,Accessories,Bags,Handbags,Red,Winter,2015.0,Casual,Murcia Women Red Handbag,data/fashion-dataset/images\27737.jpg
38446,Women,Accessories,Bags,Handbags,Beige,Summer,2012.0,Casual,Baggit Women Beige Handbag,data/fashion-dataset/images\38446.jpg
58277,Women,Accessories,Bags,Handbags,Beige,Summer,2012.0,Casual,Baggit Women Beige Libra Jhuti Sling Bag,data/fashion-dataset/images\58277.jpg
58184,Women,Accessories,Bags,Handbags,Beige,Summer,2012.0,Casual,Rocky S Women Beige Handbag,data/fashion-dataset/images\58184.jpg
37418,Women,Accessories,Bags,Handbags,Multi,Summer,2012.0,Casual,Murcia Women Multi Handbag,data/fashion-dataset/images\37418.jpg
44244,Women,Accessories,Bags,Handbags,Black,Summer,2012.0,Casual,Hidekraft Women Black Handbag,data/fashion-dataset/images\44244.jpg
54829,Women,Accessories,Bags,Handbags,Brown,Winter,2012.0,Casual,Ivory Tag Women Brown Sling Bag,data/fashion-dataset/images\54829.jpg
15296,Unisex,Accessories,Bags,Handbags,Black,Fall,2011.0,Casual,ADIDAS Originals Unisex Spo Shoulderbag Black,data/fashion-dataset/images\15296.jpg
58928,Women,Accessories,Bags,Handbags,Olive,Summer,2010.0,Casual,Ivory Tag Olive Dip Sling Bag,data/fashion-dataset/images\58928.jpg
28442,Women,Accessories,Bags,Handbags,Blue,Summer,2012.0,Casual,Kiara Women Blue Handbag,data/fashion-dataset/images\28442.jpg
24789,Women,Accessories,Bags,Handbags,Brown,Winter,2015.0,Casual,Lino Perros Women Leatherite Brown Bag,data/fashion-dataset/images\24789.jpg
42860,Women,Accessories,Bags,Handbags,Cream,Summer,2012.0,Casual,French Connection Women Cream Handbag,data/fashion-dataset/images\42860.jpg
27690,Women,Accessories,Bags,Handbags,Black,Winter,2015.0,Casual,Murcia Women Black Handbag,data/fashion-dataset/images\27690.jpg
34559,Women,Accessories,Bags,Handbags,Pink,Summer,2012.0,Casual,Puma Women Pink Fitness Small Handbag,data/fashion-dataset/images\34559.jpg
53679,Women,Accessories,Bags,Handbags,Pink,Summer,2012.0,Casual,Kiara Women Pink Handbag,data/fashion-dataset/images\53679.jpg
54017,Women,Accessories,Bags,Handbags,Grey,Summer,2012.0,Casual,Kiara Women Grey Handbag,data/fashion-dataset/images\54017.jpg
15436,Women,Accessories,Bags,Handbags,Maroon,Fall,2011.0,Casual,Hidekraft Women Leather Maroon Handbags,data/fashion-dataset/images\15436.jpg
18793,Unisex,Accessories,Bags,Handbags,Beige,Summer,2010.0,Casual,Peter England Unisex Casual Beige Bag,data/fashion-dataset/images\18793.jpg
47138,Women,Accessories,Bags,Handbags,White,Summer,2015.0,Casual,Be For Bag Women Combo pack Tote Bags,data/fashion-dataset/images\47138.jpg
38462,Women,Accessories,Bags,Handbags,Blue,Fall,2012.0,Casual,Baggit Women Blue Tinki Tower Sling Bag,data/fashion-dataset/images\38462.jpg
37070,Women,Accessories,Bags,Handbags,Brown,Summer,2012.0,Casual,Lino Perros Women Brown Handbag,data/fashion-dataset/images\37070.jpg
53941,Women,Accessories,Bags,Handbags,Grey,Summer,2012.0,Casual,Kiara Women Grey Handbag,data/fashion-dataset/images\53941.jpg
20611,Women,Accessories,Bags,Handbags,Red,Winter,2015.0,Casual,Baggit Women Frankie Hoor Red Handbag,data/fashion-dataset/images\20611.jpg
52660,Women,Accessories,Bags,Handbags,Pink,Summer,2012.0,Casual,Mod'acc Women Pink & Beige Handbag,data/fashion-dataset/images\52660.jpg
43292,Women,Accessories,Bags,Handbags,Pink,Summer,2015.0,Casual,Murcia Women Pink Kate Handbag,data/fashion-dataset/images\43292.jpg
43570,Women,Accessories,Bags,Handbags,Black,Summer,2012.0,Casual,Puma Women Black Handbag,data/fashion-dataset/images\43570.jpg
57236,Women,Accessories,Bags,Handbags,Burgundy,Summer,2012.0,Casual,Murcia Women Burgundy Handbag,data/fashion-dataset/images\57236.jpg
37955,Women,Accessories,Bags,Handbags,Black,Summer,2012.0,Casual,Yelloe Women Fur Black Handbag,data/fashion-dataset/images\37955.jpg
54392,Women,Accessories,Bags,Handbags,Red,Summer,2012.0,Casual,Baggit Women Red Handbag,data/fashion-dataset/images\54392.jpg
25286,Women,Accessories,Bags,Handbags,Pink,Summer,2012.0,Casual,Lino Perros Women Leatherette Pink Sling Bag,data/fashion-dataset/images\25286.jpg
47338,Women,Accessories,Bags,Handbags,Orange,Summer,2012.0,Casual,Baggit Women Orange Frankie Eva Handbag,data/fashion-dataset/images\47338.jpg
47292,Women,Accessories,Bags,Handbags,Purple,Summer,2012.0,Casual,Baggit Women Purple Handbag,data/fashion-dataset/images\47292.jpg
25720,Women,Accessories,Bags,Handbags,Black,Summer,2012.0,Casual,Wrangler Women Black Canvas Sling Bag,data/fashion-dataset/images\25720.jpg
58269,Women,Accessories,Bags,Handbags,Brown,Fall,2012.0,Casual,Baggit Women Brown Handbag,data/fashion-dataset/images\58269.jpg
14798,Women,Accessories,Bags,Handbags,Brown,Summer,2011.0,Casual,United Colors of Benetton Women Solid Coffee Brown Handbags,data/fashion-dataset/images\14798.jpg
27668,Women,Accessories,Bags,Handbags,White,Winter,2015.0,Casual,Murcia Women White Handbag,data/fashion-dataset/images\27668.jpg
20613,Women,Accessories,Bags,Handbags,Purple,Winter,2015.0,Casual,Baggit Women Ishqx Barat Purple Handbag,data/fashion-dataset/images\20613.jpg
36038,Unisex,Accessories,Bags,Handbags,Blue,Summer,2012.0,Casual,OTLS Unisex Blue Bag,data/fashion-dataset/images\36038.jpg
25207,Women,Accessories,Bags,Handbags,Grey,Winter,2015.0,Casual,Lino Perros Women Classic Grey Handbag,data/fashion-dataset/images\25207.jpg
33415,Women,Accessories,Bags,Handbags,Purple,Fall,2012.0,Casual,Baggit Women Quick Jhuti Purple Handbag,data/fashion-dataset/images\33415.jpg
48187,Women,Accessories,Bags,Handbags,Multi,Winter,2016.0,Casual,Fossil Women Multi Coloured Handbag,data/fashion-dataset/images\48187.jpg
57230,Women,Accessories,Bags,Handbags,Purple,Summer,2012.0,Casual,Murcia Women Purple Handbag,data/fashion-dataset/images\57230.jpg
47418,Women,Accessories,Bags,Handbags,Beige,Summer,2012.0,Casual,Baggit Women Beige Handbag,data/fashion-dataset/images\47418.jpg
47377,Women,Accessories,Bags,Handbags,Maroon,Summer,2012.0,Casual,Baggit Women Maroon Bag,data/fashion-dataset/images\47377.jpg
10198,Women,Accessories,Bags,Handbags,Beige,Winter,2015.0,Casual,Murcia Women Hddcs Beige Handbags,data/fashion-dataset/images\10198.jpg
46987,Women,Accessories,Bags,Handbags,Charcoal,Summer,2012.0,Casual,Bulchee Women Charcoal Handbag,data/fashion-dataset/images\46987.jpg
25272,Women,Accessories,Bags,Handbags,Red,Summer,2012.0,Casual,Lino Perros Women Leatherette Red Handbag,data/fashion-dataset/images\25272.jpg
27742,Women,Accessories,Bags,Handbags,Brown,Winter,2015.0,Casual,Murcia Women Brown Sling bag,data/fashion-dataset/images\27742.jpg
34871,Women,Accessories,Bags,Handbags,Multi,Summer,2012.0,Casual,Envirosax Women Multi Coloured  Bag,data/fashion-dataset/images\34871.jpg
5851,Women,Accessories,Bags,Handbags,Black,Summer,2011.0,Casual,ADIDAS Women Style Black Handbag,data/fashion-dataset/images\5851.jpg
25242,Women,Accessories,Bags,Handbags,Olive,Summer,2012.0,Casual,Lino Perros Women Leatherite Olive Handbag,data/fashion-dataset/images\25242.jpg
54033,Women,Accessories,Bags,Handbags,Teal,Summer,2012.0,Casual,Kiara Women Teal Handbag,data/fashion-dataset/images\54033.jpg
34762,Women,Accessories,Bags,Handbags,Orange,Summer,2015.0,Casual,Be For Bag Women Orange Bag,data/fashion-dataset/images\34762.jpg
3385,Women,Accessories,Bags,Handbags,Brown,Winter,2015.0,Casual,Murcia Brown Self Design Shoulder Bag,data/fashion-dataset/images\3385.jpg
20385,Women,Accessories,Bags,Handbags,Purple,Winter,2015.0,Casual,Baggit Women Flare Baby Purple Handbag,data/fashion-dataset/images\20385.jpg
9485,Unisex,Accessories,Bags,Handbags,Black,Winter,2013.0,Casual,Puma Unisex Black Foundation Shoulder Bag,data/fashion-dataset/images\9485.jpg
47814,Women,Accessories,Bags,Handbags,Red,Summer,2012.0,Casual,Murcia Women Red Handbag,data/fashion-dataset/images\47814.jpg
57231,Women,Accessories,Bags,Handbags,Black,Summer,2012.0,Casual,Murcia Women Black Handbag,data/fashion-dataset/images\57231.jpg
33430,Women,Accessories,Bags,Handbags,Blue,Summer,2012.0,Casual,Baggit Women Pinto Checksy Blue Sling Bag,data/fashion-dataset/images\33430.jpg
15439,Women,Accessories,Bags,Handbags,Black,Fall,2011.0,Casual,Hidekraft Women Leather Black Handbags,data/fashion-dataset/images\15439.jpg
20967,Women,Accessories,Bags,Handbags,Black,Winter,2016.0,Casual,Fastrack Women Polyester Black Sling Bag,data/fashion-dataset/images\20967.jpg
52623,Women,Accessories,Bags,Handbags,Black,Summer,2012.0,Casual,Mod'acc Women Black & Grey Handbag,data/fashion-dataset/images\52623.jpg
27683,Women,Accessories,Bags,Handbags,White,Winter,2015.0,Casual,Murcia Women White Handbag,data/fashion-dataset/images\27683.jpg
47294,Women,Accessories,Bags,Handbags,Purple,Summer,2012.0,Casual,Baggit Women Purple Bag,data/fashion-dataset/images\47294.jpg
58271,Women,Accessories,Bags,Handbags,Beige,Fall,2012.0,Casual,Baggit Women Beige Handbag,data/fashion-dataset/images\58271.jpg
15651,Unisex,Accessories,Bags,Handbags,Black,Fall,2011.0,Casual,Belkin Unisex Apple Move Toploader 15,data/fashion-dataset/images\15651.jpg
18033,Women,Accessories,Bags,Handbags,Brown,Winter,2015.0,Casual,Lino Perros Women Solid Brown Handbag,data/fashion-dataset/images\18033.jpg
5505,Unisex,Accessories,Bags,Handbags,Grey,Summer,2011.0,Casual,Nike Grey Printed Handheld Bag,data/fashion-dataset/images\5505.jpg
47378,Women,Accessories,Bags,Handbags,Navy Blue,Summer,2012.0,Casual,Baggit Women Navy Blue Handbag,data/fashion-dataset/images\47378.jpg
24625,Women,Accessories,Bags,Handbags,Mustard,Winter,2015.0,Casual,Murcia Women Mustard Handbag,data/fashion-dataset/images\24625.jpg
47298,Women,Accessories,Bags,Handbags,Purple,Summer,2012.0,Casual,Baggit Women Purple Bag,data/fashion-dataset/images\47298.jpg
10223,Women,Accessories,Bags,Handbags,Green,Winter,2015.0,Casual,Murcia Women Zoe Green Handbags,data/fashion-dataset/images\10223.jpg
14896,Women,Accessories,Bags,Handbags,Black,Summer,2011.0,Casual,United Colors of Benetton Women Solid Black Handbags,data/fashion-dataset/images\14896.jpg
37079,Women,Accessories,Bags,Handbags,Purple,Summer,2012.0,Casual,Lino Perros Women Purple Handbag,data/fashion-dataset/images\37079.jpg
53651,Women,Accessories,Bags,Handbags,Blue,Summer,2012.0,Casual,Kiara Women Blue Handbag,data/fashion-dataset/images\53651.jpg
58173,Women,Accessories,Bags,Handbags,Brown,Fall,2012.0,Casual,Rocky S Women Brown Handbag,data/fashion-dataset/images\58173.jpg
47410,Women,Accessories,Bags,Handbags,Blue,Summer,2012.0,Casual,Baggit Women Grey Bag,data/fashion-dataset/images\47410.jpg
37856,Women,Accessories,Bags,Handbags,Black,Summer,2012.0,Casual,Hidekraft Women Black Handbag,data/fashion-dataset/images\37856.jpg
8234,Women,Accessories,Bags,Handbags,Pink,Winter,2016.0,Casual,Fastrack Women Cross Body Hobo Hand Bag,data/fashion-dataset/images\8234.jpg
43333,Women,Accessories,Bags,Handbags,Brown,Summer,2012.0,Casual,Murcia Women Brown Handbag,data/fashion-dataset/images\43333.jpg
54491,Women,Accessories,Bags,Handbags,Green,Summer,2012.0,Casual,Lino Perros Women Green Handbag,data/fashion-dataset/images\54491.jpg
51918,Women,Accessories,Bags,Handbags,Green,Summer,2016.0,Casual,Nyk Women Green Horado Handbag,data/fashion-dataset/images\51918.jpg
49067,Women,Accessories,Bags,Handbags,Olive,Summer,2012.0,Casual,Lino Perros Women Olive Handbag,data/fashion-dataset/images\49067.jpg
16760,Women,Accessories,Bags,Handbags,Black,Winter,2015.0,Casual,Spice Art Women Leatherette  Black Handbags,data/fashion-dataset/images\16760.jpg
47142,Women,Accessories,Bags,Handbags,White,Summer,2015.0,Casual,Be For Bag Women White and Pink Combo pack Tote Bags,data/fashion-dataset/images\47142.jpg
47434,Women,Accessories,Bags,Handbags,Purple,Summer,2012.0,Casual,Baggit Women Purple Handbag,data/fashion-dataset/images\47434.jpg
47724,Women,Accessories,Bags,Handbags,Bronze,Summer,2012.0,Casual,Murcia Women Bronze Handbag,data/fashion-dataset/images\47724.jpg
36676,Women,Accessories,Bags,Handbags,Red,Summer,2012.0,Casual,Paridhan Women Red Handbag,data/fashion-dataset/images\36676.jpg
26426,Women,Accessories,Bags,Handbags,Bronze,Summer,2012.0,Casual,Spice Art Women Leatherette Bronze Handbag,data/fashion-dataset/images\26426.jpg
33734,Women,Accessories,Bags,Handbags,Navy Blue,Winter,2012.0,Casual,Pieces Women Navy Blue Zaki Handbag,data/fashion-dataset/images\33734.jpg
26220,Women,Accessories,Bags,Handbags,Pink,Summer,2012.0,Casual,Hidekraft Women Leather Pink Handbag,data/fashion-dataset/images\26220.jpg
25258,Women,Accessories,Bags,Handbags,Off White,Summer,2012.0,Casual,Lino Perros Women Leatherette Off White Handbag,data/fashion-dataset/images\25258.jpg
46980,Women,Accessories,Bags,Handbags,Black,Summer,2012.0,Casual,Bulchee Women Black Handbag,data/fashion-dataset/images\46980.jpg
35916,Women,Accessories,Bags,Handbags,Purple,Fall,2012.0,Casual,Peperone Women Purple Handbag,data/fashion-dataset/images\35916.jpg
36536,Women,Accessories,Bags,Handbags,Blue,Summer,2012.0,Casual,United Colors of Benetton Women Blue Sling Bag,data/fashion-dataset/images\36536.jpg
49551,Women,Accessories,Bags,Handbags,Beige,Summer,2012.0,Casual,Rocia Women Beige Handbag,data/fashion-dataset/images\49551.jpg
20387,Women,Accessories,Bags,Handbags,Purple,Winter,2015.0,Casual,Baggit Women Bunny Taj Purple Handbag,data/fashion-dataset/images\20387.jpg
20512,Women,Accessories,Bags,Handbags,Teal,Winter,2015.0,Casual,Baggit Women Teal Turnoff Taj Handbag,data/fashion-dataset/images\20512.jpg
43291,Women,Accessories,Bags,Handbags,Grey,Summer,2012.0,Casual,Murcia Women Grey Kate Handbag,data/fashion-dataset/images\43291.jpg
52659,Women,Accessories,Bags,Handbags,Cream,Summer,2012.0,Casual,Mod'acc Women Blue & Cream Handbag,data/fashion-dataset/images\52659.jpg
47398,Women,Accessories,Bags,Handbags,Brown,Summer,2012.0,Casual,Baggit Women Brown Handbag,data/fashion-dataset/images\47398.jpg
10229,Women,Accessories,Bags,Handbags,Black,Winter,2015.0,Casual,Murcia Women Hths Black Handbags,data/fashion-dataset/images\10229.jpg
48329,Women,Accessories,Bags,Handbags,Purple,Summer,2012.0,Casual,Pitaraa Women Purple Sling Bag,data/fashion-dataset/images\48329.jpg
54812,Women,Accessories,Bags,Handbags,Grey,Summer,2010.0,Casual,Ivory Tag Grey Fur Handbag,data/fashion-dataset/images\54812.jpg
10216,Women,Accessories,Bags,Handbags,Green,Winter,2015.0,Casual,Murcia Women Hths Green Handbags,data/fashion-dataset/images\10216.jpg
8519,Women,Accessories,Bags,Handbags,Pink,Summer,2011.0,Casual,Nike Women Nike Pink-Blue tote Pink Bags,data/fashion-dataset/images\8519.jpg
54834,Women,Accessories,Bags,Handbags,Brown,Summer,2012.0,Casual,Ivory Tag Dazzling Rossete Brown Sling Bag,data/fashion-dataset/images\54834.jpg
47295,Women,Accessories,Bags,Handbags,Purple,Summer,2012.0,Casual,Baggit Women Purple Sling Bag,data/fashion-dataset/images\47295.jpg
21543,Women,Accessories,Bags,Handbags,Black,Winter,2015.0,Casual,Kiara Women Small Pocket Black Handbag,data/fashion-dataset/images\21543.jpg
17131,Women,Accessories,Bags,Handbags,Black,Winter,2015.0,Casual,Lino Perros Women Classic Black Handbag,data/fashion-dataset/images\17131.jpg
47399,Women,Accessories,Bags,Handbags,Green,Fall,2012.0,Casual,Baggit Women Green Bag,data/fashion-dataset/images\47399.jpg
26430,Women,Accessories,Bags,Handbags,Brown,Winter,2015.0,Casual,Spice Art Women Leatherette Brown Handbag,data/fashion-dataset/images\26430.jpg
30183,Women,Accessories,Bags,Handbags,Blue,Summer,2012.0,Casual,Nike Women Athletes Rowena Blue Handbag,data/fashion-dataset/images\30183.jpg
21976,Women,Accessories,Bags,Handbags,Red,Winter,2015.0,Casual,Murcia Women Casual Red Handbag,data/fashion-dataset/images\21976.jpg
27672,Women,Accessories,Bags,Handbags,Brown,Winter,2015.0,Casual,Murcia Women Brown Handbag,data/fashion-dataset/images\27672.jpg
29743,Women,Accessories,Bags,Handbags,Green,Summer,2012.0,Casual,Kiara Women Light Green Handbag,data/fashion-dataset/images\29743.jpg
47289,Women,Accessories,Bags,Handbags,Red,Summer,2012.0,Casual,Baggit Women Red Bag,data/fashion-dataset/images\47289.jpg
53943,Women,Accessories,Bags,Handbags,Brown,Summer,2012.0,Casual,Kiara Women Brown Handbag,data/fashion-dataset/images\53943.jpg
25162,Women,Accessories,Bags,Handbags,Black,Winter,2015.0,Casual,Lino Perros Women Leatherette Black Handbag,data/fashion-dataset/images\25162.jpg
54040,Women,Accessories,Bags,Handbags,Black,Summer,2012.0,Casual,Kiara Women Black Handbag,data/fashion-dataset/images\54040.jpg
49567,Women,Accessories,Bags,Handbags,Black,Summer,2015.0,Casual,Spice Art Women Black Handbag,data/fashion-dataset/images\49567.jpg
36674,Women,Accessories,Bags,Handbags,Orange,Summer,2012.0,Casual,Paridhan Women Orange Handbag,data/fashion-dataset/images\36674.jpg
42859,Women,Accessories,Bags,Handbags,Brown,Summer,2012.0,Casual,French Connection Women Brown Alexandra Handbag,data/fashion-dataset/images\42859.jpg
5854,Women,Accessories,Bags,Handbags,Pink,Summer,2011.0,Casual,ADIDAS Women Pink Handbag,data/fashion-dataset/images\5854.jpg
51934,Women,Accessories,Bags,Handbags,Yellow,Summer,2016.0,Casual,Nyk Women Yellow Arsenal Handbag,data/fashion-dataset/images\51934.jpg
57241,Women,Accessories,Bags,Handbags,Blue,Summer,2012.0,Casual,Murcia Women Blue Handbag,data/fashion-dataset/images\57241.jpg
22003,Women,Accessories,Bags,Handbags,Blue,Winter,2015.0,Casual,Murcia Women Casual Blue Handbag,data/fashion-dataset/images\22003.jpg
21945,Women,Accessories,Bags,Handbags,Brown,Winter,2015.0,Casual,Murcia Women Brown Leather Handbag,data/fashion-dataset/images\21945.jpg
35176,Unisex,Accessories,Bags,Handbags,Black,Summer,2015.0,Casual,Wildcraft Unisex Graffiti Black & Yellow Sling Bag,data/fashion-dataset/images\35176.jpg
50431,Unisex,Accessories,Bags,Handbags,Khaki,Summer,2012.0,Casual,Lino Perros Unisex Khaki Bag,data/fashion-dataset/images\50431.jpg
2672,Women,Accessories,Bags,Handbags,Red,Winter,2015.0,Ethnic,Murcia Women Ethnic Hand Bag,data/fashion-dataset/images\2672.jpg
48175,Women,Accessories,Bags,Handbags,Black,Winter,2016.0,Casual,Fossil Women Black Handbag,data/fashion-dataset/images\48175.jpg
53997,Women,Accessories,Bags,Handbags,Grey,Summer,2012.0,Casual,Kiara Women Grey Handbag,data/fashion-dataset/images\53997.jpg
42858,Women,Accessories,Bags,Handbags,Brown,Summer,2012.0,Casual,French Connection Women Brown Sling Bag,data/fashion-dataset/images\42858.jpg
21521,Women,Accessories,Bags,Handbags,Pink,Winter,2015.0,Casual,Kiara Women Rose Pink Handbag,data/fashion-dataset/images\21521.jpg
37409,Women,Accessories,Bags,Handbags,Black,Summer,2012.0,Casual,Murcia Women Black Handbag,data/fashion-dataset/images\37409.jpg
3387,Women,Accessories,Bags,Handbags,Black,Winter,2015.0,Casual,Murcia Women With Stitch Black Bag,data/fashion-dataset/images\3387.jpg
42834,Women,Accessories,Bags,Handbags,Grey,Summer,2012.0,Casual,French Connection Women Grey & Brown Handbag,data/fashion-dataset/images\42834.jpg
35909,Women,Accessories,Bags,Handbags,Yellow,Summer,2012.0,Casual,Peperone Women Yellow Sling Bag,data/fashion-dataset/images\35909.jpg
21975,Women,Accessories,Bags,Handbags,Brown,Winter,2015.0,Casual,Murcia Women Casual Brown Handbag,data/fashion-dataset/images\21975.jpg
21526,Women,Accessories,Bags,Handbags,Red,Winter,2015.0,Casual,Kiara Women Glossy Red Handbag,data/fashion-dataset/images\21526.jpg
5874,Women,Accessories,Bags,Handbags,Black,Summer,2011.0,Casual,Puma Womens Thrill Black handbag,data/fashion-dataset/images\5874.jpg
53684,Women,Accessories,Bags,Handbags,Purple,Summer,2012.0,Casual,Kiara Women Purple Handbag,data/fashion-dataset/images\53684.jpg
25208,Women,Accessories,Bags,Handbags,Grey,Winter,2015.0,Casual,Lino Perros Women Leatherette Grey Handbag,data/fashion-dataset/images\25208.jpg
42837,Women,Accessories,Bags,Handbags,Black,Summer,2012.0,Casual,French Connection Women Black Kite Handbag,data/fashion-dataset/images\42837.jpg
22011,Women,Accessories,Bags,Handbags,Blue,Winter,2015.0,Casual,Murcia Women Casual Blue Handbag,data/fashion-dataset/images\22011.jpg
20398,Women,Accessories,Bags,Handbags,Brown,Winter,2015.0,Casual,Baggit Women Golmaal Taj Brown Handbag,data/fashion-dataset/images\20398.jpg
3404,Women,Accessories,Bags,Handbags,Red,Winter,2015.0,Casual,Murcia Women Red Hobo Handbag,data/fashion-dataset/images\3404.jpg
36036,Unisex,Accessories,Bags,Handbags,Mustard,Summer,2012.0,Casual,OTLS Unisex Mustard Brown Bag,data/fashion-dataset/images\36036.jpg
8520,Women,Accessories,Bags,Handbags,Grey,Summer,2011.0,Casual,Nike Women Nike Grey handbag Grey Bags,data/fashion-dataset/images\8520.jpg
34731,Women,Accessories,Bags,Handbags,Mustard,Summer,2012.0,Casual,Baggit Women Mustard Selection Hunt Sling Bag,data/fashion-dataset/images\34731.jpg
42854,Women,Accessories,Bags,Handbags,Brown,Summer,2010.0,Casual,French Connection Brown Colourblocked Tote Bag,data/fashion-dataset/images\42854.jpg
47689,Women,Accessories,Bags,Handbags,Brown,Summer,2012.0,Casual,Murcia Women Brown Sling Bag,data/fashion-dataset/images\47689.jpg
52766,Women,Accessories,Bags,Handbags,Black,Fall,2012.0,Casual,Fiorelli Women Black Leather Handbag,data/fashion-dataset/images\52766.jpg
20963,Women,Accessories,Bags,Handbags,Black,Winter,2016.0,Casual,Fastrack Women Polyester Black Sling Bag,data/fashion-dataset/images\20963.jpg
16765,Women,Accessories,Bags,Handbags,Black,Winter,2015.0,Casual,Spice Art Women Antique Black Potli,data/fashion-dataset/images\16765.jpg
49063,Women,Accessories,Bags,Handbags,Brown,Summer,2012.0,Casual,Lino Perros Women Brown Handbag,data/fashion-dataset/images\49063.jpg
25296,Women,Accessories,Bags,Handbags,Olive,Summer,2012.0,Casual,Lino Perros Women Sporty Olive Handbag,data/fashion-dataset/images\25296.jpg
47886,Women,Accessories,Bags,Handbags,Brown,Summer,2012.0,Casual,Murcia Women Dark Brown Handbag,data/fashion-dataset/images\47886.jpg
25218,Women,Accessories,Bags,Handbags,Pink,Winter,2015.0,Casual,Lino Perros Women Pink & Black Striped Handbag,data/fashion-dataset/images\25218.jpg
27748,Women,Accessories,Bags,Handbags,Brown,Winter,2015.0,Casual,Murcia Women Brown Sling Bag,data/fashion-dataset/images\27748.jpg
53921,Women,Accessories,Bags,Handbags,Brown,Summer,2012.0,Casual,Kiara Women Camel Brown Handbag,data/fashion-dataset/images\53921.jpg
28448,Women,Accessories,Bags,Handbags,Brown,Summer,2012.0,Casual,Kiara Women Brown Handbag,data/fashion-dataset/images\28448.jpg
47341,Women,Free Items,Free Gifts,Handbags,Black,Summer,2010.0,Casual,Baggit Black Sling Bag,data/fashion-dataset/images\47341.jpg
3384,Women,Accessories,Bags,Handbags,Black,Winter,2015.0,Casual,Murcia Women Stitch Black Bag,data/fashion-dataset/images\3384.jpg
54512,Women,Accessories,Bags,Handbags,Beige,Summer,2012.0,Casual,Lino Perros Women Beige Handbag,data/fashion-dataset/images\54512.jpg
9003,Women,Accessories,Bags,Handbags,Black,Winter,2015.0,Casual,Murcia Women Tote Black Handbags,data/fashion-dataset/images\9003.jpg
10230,Women,Accessories,Bags,Handbags,Brown,Winter,2015.0,Casual,Murcia Women Claudia Brown Handbags,data/fashion-dataset/images\10230.jpg
43277,Women,Accessories,Bags,Handbags,Lavender,Winter,2012.0,Casual,Murcia Women Lavender Handbag,data/fashion-dataset/images\43277.jpg
2663,Women,Accessories,Bags,Handbags,Brown,Winter,2015.0,Casual,Murcia Women Non Leather Brown Bag,data/fashion-dataset/images\2663.jpg
54409,Women,Accessories,Bags,Handbags,Purple,Fall,2012.0,Casual,Baggit Women Purple Sling Bag,data/fashion-dataset/images\54409.jpg
49518,Women,Accessories,Bags,Handbags,Gold,Summer,2012.0,Casual,Rocia Women Golden Handbag,data/fashion-dataset/images\49518.jpg
47794,Women,Accessories,Bags,Handbags,Brown,Summer,2012.0,Casual,Murcia Women Brown Handbag,data/fashion-dataset/images\47794.jpg
33432,Women,Accessories,Bags,Handbags,Green,Summer,2012.0,Casual,Baggit Green Handbag,data/fashion-dataset/images\33432.jpg
2365,Women,Accessories,Bags,Handbags,Pink,Spring,2011.0,Sports,ADIDAS Pink Women Bag,data/fashion-dataset/images\2365.jpg
27678,Women,Accessories,Bags,Handbags,Brown,Winter,2015.0,Casual,Murcia Women Brown Handbag,data/fashion-dataset/images\27678.jpg
25288,Women,Accessories,Bags,Handbags,Turquoise Blue,Summer,2012.0,Casual,Lino Perros Women Leatherette Turquoise Blue Sling Bag,data/fashion-dataset/images\25288.jpg
42839,Women,Accessories,Bags,Handbags,Brown,Summer,2012.0,Casual,French Connection Women Brown Handbag,data/fashion-dataset/images\42839.jpg
38755,Women,Accessories,Bags,Handbags,Black,Summer,2012.0,Casual,Nike Women Black Handbag,data/fashion-dataset/images\38755.jpg
54007,Women,Accessories,Bags,Handbags,Grey,Summer,2012.0,Casual,Kiara Women Grey Handbag,data/fashion-dataset/images\54007.jpg
14788,Women,Accessories,Bags,Handbags,Black,Summer,2011.0,Casual,United Colors of Benetton Women Solid Black Handbags,data/fashion-dataset/images\14788.jpg
52754,Women,Accessories,Bags,Handbags,Black,Fall,2012.0,Casual,Fiorelli Women Black and Taupe Leather Handbag,data/fashion-dataset/images\52754.jpg
37435,Women,Accessories,Bags,Handbags,Black,Summer,2012.0,Casual,Murcia Women Black Handbag,data/fashion-dataset/images\37435.jpg
10220,Women,Accessories,Bags,Handbags,Pink,Winter,2015.0,Casual,Murcia Women Mary Pink Handbags,data/fashion-dataset/images\10220.jpg
35918,Women,Accessories,Bags,Handbags,Black,Summer,2012.0,Casual,Peperone Women Black Handbag,data/fashion-dataset/images\35918.jpg
35910,Women,Accessories,Bags,Handbags,Brown,Summer,2012.0,Casual,Peperone Women Brown Handbag,data/fashion-dataset/images\35910.jpg
54386,Women,Accessories,Bags,Handbags,Black,Summer,2012.0,Casual,Baggit Women Black & Grey Small Handbag,data/fashion-dataset/images\54386.jpg
20602,Women,Accessories,Bags,Handbags,Red,Winter,2015.0,Casual,Baggit Women Red Selection Lisa Sling Bag,data/fashion-dataset/images\20602.jpg
16759,Women,Accessories,Bags,Handbags,White,Winter,2015.0,Casual,Spice Art Women Copper Glass White Handbags,data/fashion-dataset/images\16759.jpg
22001,Women,Accessories,Bags,Handbags,Green,Winter,2015.0,Casual,Murcia Women Casual Green Handbag,data/fashion-dataset/images\22001.jpg
10217,Women,Accessories,Bags,Handbags,Pink,Winter,2015.0,Casual,Murcia Women Kkhh Pink Handbags,data/fashion-dataset/images\10217.jpg
21552,Women,Accessories,Bags,Handbags,Purple,Winter,2015.0,Casual,Kiara Women Small Pocket Purple Handbag,data/fashion-dataset/images\21552.jpg
53897,Women,Accessories,Bags,Handbags,Brown,Summer,2012.0,Casual,Kiara Women Camel Brown Handbag,data/fashion-dataset/images\53897.jpg
22502,Women,Footwear,Shoes,Heels,Blue,Winter,2015.0,Casual,Catwalk  Women Blue Casual Flats,data/fashion-dataset/images\22502.jpg
39591,Women,Footwear,Shoes,Heels,Blue,Winter,2015.0,Casual,Catwalk Women Blue Wedges,data/fashion-dataset/images\39591.jpg
32841,Women,Footwear,Shoes,Heels,Gold,Winter,2012.0,Casual,Grendha Women Jola Cigana Gold Flats,data/fashion-dataset/images\32841.jpg
45362,Women,Footwear,Shoes,Heels,Olive,Summer,2016.0,Casual,Cobblerz Women Olive Green Sandals,data/fashion-dataset/images\45362.jpg
54142,Women,Footwear,Shoes,Heels,Beige,Winter,2012.0,Casual,Rocia Women Beige Sandals,data/fashion-dataset/images\54142.jpg
56961,Women,Footwear,Shoes,Heels,Black,Winter,2012.0,Casual,HM Women Black Flats,data/fashion-dataset/images\56961.jpg
45375,Women,Footwear,Shoes,Heels,Grey,Summer,2016.0,Casual,Cobblerz Women Grey Sandals,data/fashion-dataset/images\45375.jpg
33110,Women,Footwear,Shoes,Heels,Black,Winter,2015.0,Casual,Catwalk Women Black Peep Toes,data/fashion-dataset/images\33110.jpg
49622,Women,Footwear,Shoes,Heels,Black,Winter,2015.0,Casual,Catwalk Women Black Flats,data/fashion-dataset/images\49622.jpg
20275,Women,Footwear,Shoes,Heels,Multi,Winter,2015.0,Casual,Catwalk Women Casual Multi Flats,data/fashion-dataset/images\20275.jpg
55644,Women,Footwear,Shoes,Heels,Black,Winter,2015.0,Casual,Catwalk Women Black Heels,data/fashion-dataset/images\55644.jpg
41673,Women,Footwear,Shoes,Heels,Gold,Winter,2012.0,Casual,Catwalk Women Gold Heels,data/fashion-dataset/images\41673.jpg
45343,Women,Footwear,Shoes,Heels,Multi,Summer,2016.0,Casual,Cobblerz Women Multicoloured Sandals,data/fashion-dataset/images\45343.jpg
47637,Women,Footwear,Shoes,Heels,Yellow,Spring,2013.0,Casual,Carlton London Women Yellow Peep Toes,data/fashion-dataset/images\47637.jpg
45331,Women,Footwear,Shoes,Heels,Blue,Summer,2016.0,Casual,Cobblerz Women Blue Heels,data/fashion-dataset/images\45331.jpg
47455,Women,Footwear,Shoes,Heels,Purple,Summer,2012.0,Casual,Tiptopp Women Purple Flip-Flops,data/fashion-dataset/images\47455.jpg
2900,Women,Footwear,Shoes,Heels,Silver,Winter,2015.0,Casual,Catwalk Women Wedding Collection Silver Heels,data/fashion-dataset/images\2900.jpg
49618,Women,Footwear,Shoes,Heels,Black,Winter,2015.0,Casual,Catwalk Women Bronze Heels,data/fashion-dataset/images\49618.jpg
14362,Women,Footwear,Shoes,Heels,Beige,Winter,2015.0,Casual,Catwalk Women Casual Beige Flats,data/fashion-dataset/images\14362.jpg
3137,Women,Footwear,Shoes,Heels,Brown,Winter,2015.0,Ethnic,Catwalk Women Ethnic Leather Flat Brown Flats,data/fashion-dataset/images\3137.jpg
34075,Women,Footwear,Shoes,Heels,White,Fall,2012.0,Formal,Clarks Women Henderson Toy Bone Leather White Flats,data/fashion-dataset/images\34075.jpg
22295,Women,Footwear,Shoes,Heels,Black,Winter,2012.0,Casual,Inc. 5 Women Casual Black Flats,data/fashion-dataset/images\22295.jpg
27079,Women,Footwear,Shoes,Heels,Black,Winter,2012.0,Casual,Catwalk Women Black Flats,data/fashion-dataset/images\27079.jpg
2874,Women,Footwear,Shoes,Heels,Black,Winter,2015.0,Casual,Catwalk Women Black Heels,data/fashion-dataset/images\2874.jpg
56995,Women,Footwear,Shoes,Heels,Purple,Winter,2012.0,Casual,HM Women Purple Wedges,data/fashion-dataset/images\56995.jpg
22306,Women,Footwear,Shoes,Heels,Brown,Winter,2012.0,Casual,Inc. 5 Women Casual Brown Flats,data/fashion-dataset/images\22306.jpg
56882,Women,Footwear,Shoes,Heels,Red,Winter,2012.0,Casual,HM Women Red Heels,data/fashion-dataset/images\56882.jpg
41669,Women,Footwear,Shoes,Heels,Silver,Winter,2012.0,Casual,Catwalk Women Silver Heels,data/fashion-dataset/images\41669.jpg
20757,Women,Footwear,Shoes,Heels,Brown,Winter,2012.0,Casual,Carlton London  Women Casual Brown Wedges,data/fashion-dataset/images\20757.jpg
41712,Women,Footwear,Shoes,Heels,Teal,Winter,2012.0,Casual,Catwalk Women Teal Wedges,data/fashion-dataset/images\41712.jpg
33105,Women,Footwear,Shoes,Heels,Black,Winter,2015.0,Casual,Catwalk Women Black Flats,data/fashion-dataset/images\33105.jpg
43945,Women,Footwear,Shoes,Heels,Brown,Winter,2012.0,Casual,Catwalk Women Brown Heels,data/fashion-dataset/images\43945.jpg
39715,Women,Footwear,Shoes,Heels,Brown,Spring,2013.0,Casual,Catwalk Women Brown Wedges,data/fashion-dataset/images\39715.jpg
49596,Women,Footwear,Shoes,Heels,Gold,Winter,2015.0,Casual,Catwalk Women Gold Heels,data/fashion-dataset/images\49596.jpg
45355,Women,Footwear,Shoes,Heels,Beige,Summer,2016.0,Casual,Cobblerz Women Beige Sandals,data/fashion-dataset/images\45355.jpg
14478,Women,Footwear,Shoes,Heels,Red,Summer,2012.0,Casual,Enroute Women Casual Red Flats,data/fashion-dataset/images\14478.jpg
19020,Women,Footwear,Shoes,Heels,Gold,Winter,2015.0,Casual,Catwalk Women Gold Strap Heels,data/fashion-dataset/images\19020.jpg
18555,Women,Footwear,Shoes,Heels,Brown,Winter,2015.0,Casual,Catwalk Women Casual Brown Flats,data/fashion-dataset/images\18555.jpg
56958,Women,Footwear,Shoes,Heels,Blue,Winter,2012.0,Casual,HM Women Blue Flats,data/fashion-dataset/images\56958.jpg
59028,Women,Footwear,Shoes,Heels,Pink,Winter,2012.0,Casual,Carlton London Women Plum Heels,data/fashion-dataset/images\59028.jpg
46607,Women,Footwear,Shoes,Heels,Silver,Winter,2012.0,Casual,Catwalk Women Silver Heels,data/fashion-dataset/images\46607.jpg
43949,Women,Footwear,Shoes,Heels,Black,Winter,2012.0,Casual,Catwalk Women Black Heels,data/fashion-dataset/images\43949.jpg
14354,Women,Footwear,Shoes,Heels,Brown,Winter,2015.0,Casual,Catwalk Women Casual Brown Flats,data/fashion-dataset/images\14354.jpg
39584,Women,Footwear,Shoes,Heels,Black,Winter,2015.0,Casual,Catwalk Women Black Heels,data/fashion-dataset/images\39584.jpg
45371,Women,Footwear,Shoes,Heels,Taupe,Summer,2016.0,Casual,Cobblerz Women Taupe Brown Sandals,data/fashion-dataset/images\45371.jpg
47613,Women,Footwear,Shoes,Heels,Brown,Winter,2012.0,Casual,Portia Women Brown Heels,data/fashion-dataset/images\47613.jpg
54109,Women,Footwear,Shoes,Heels,Beige,Winter,2012.0,Casual,Rocia Women Beige Flats,data/fashion-dataset/images\54109.jpg
20754,Women,Footwear,Shoes,Heels,Black,Spring,2013.0,Casual,Carlton London Women Black Heels,data/fashion-dataset/images\20754.jpg
55632,Women,Footwear,Shoes,Heels,Black,Winter,2015.0,Casual,Catwalk Women Black Flats,data/fashion-dataset/images\55632.jpg
22307,Women,Footwear,Shoes,Heels,Beige,Winter,2012.0,Casual,Inc. 5 Women Casual Beige Flats,data/fashion-dataset/images\22307.jpg
14440,Women,Footwear,Shoes,Heels,White,Summer,2012.0,Casual,Enroute Women Casual White Flats,data/fashion-dataset/images\14440.jpg
49599,Women,Footwear,Shoes,Heels,Black,Winter,2015.0,Casual,Catwalk Women Black Heels,data/fashion-dataset/images\49599.jpg
15564,Women,Footwear,Shoes,Heels,Blue,Winter,2015.0,Casual,Catwalk Women Casual Blue Flats,data/fashion-dataset/images\15564.jpg
21047,Women,Footwear,Shoes,Heels,White,Fall,2011.0,Casual,Clarks Women Santa Cruz White Flats,data/fashion-dataset/images\21047.jpg
56920,Women,Footwear,Shoes,Heels,Black,Winter,2012.0,Casual,HM Women Black Sandals,data/fashion-dataset/images\56920.jpg
33518,Women,Footwear,Shoes,Heels,Blue,Summer,2016.0,Casual,Cobblerz Women Blue Peep Toes,data/fashion-dataset/images\33518.jpg
39569,Women,Footwear,Shoes,Heels,Black,Winter,2015.0,Casual,Catwalk Women Black Flats,data/fashion-dataset/images\39569.jpg
43933,Women,Footwear,Shoes,Heels,Black,Winter,2012.0,Casual,Catwalk Women Black Heels,data/fashion-dataset/images\43933.jpg
56933,Women,Footwear,Shoes,Heels,Purple,Winter,2012.0,Casual,HM Women Purple Flats,data/fashion-dataset/images\56933.jpg
46598,Women,Footwear,Shoes,Heels,Beige,Summer,2012.0,Casual,Catwalk Women Beige Heels,data/fashion-dataset/images\46598.jpg
17673,Women,Footwear,Shoes,Heels,Black,Winter,2015.0,Casual,Catwalk Women Black Pumps,data/fashion-dataset/images\17673.jpg
43953,Women,Footwear,Shoes,Heels,Purple,Winter,2012.0,Casual,Catwalk Women Purple Flats,data/fashion-dataset/images\43953.jpg
10289,Women,Footwear,Shoes,Heels,Black,Fall,2012.0,Casual,Clarks Women Soma Silk Leather Black Heels,data/fashion-dataset/images\10289.jpg
35815,Women,Footwear,Shoes,Heels,White,Summer,2012.0,Casual,Enroute Women White Heels,data/fashion-dataset/images\35815.jpg
39563,Women,Footwear,Shoes,Heels,Gold,Winter,2015.0,Casual,Catwalk Women Gold Flats,data/fashion-dataset/images\39563.jpg
14370,Women,Footwear,Shoes,Heels,Black,Winter,2015.0,Casual,Catwalk Women Casual Black Flats,data/fashion-dataset/images\14370.jpg
32833,Women,Footwear,Shoes,Heels,Brown,Winter,2012.0,Casual,iPanema Women Kirey Brown Flats,data/fashion-dataset/images\32833.jpg
39573,Women,Footwear,Shoes,Heels,Beige,Winter,2015.0,Casual,Catwalk Women Beige Flats,data/fashion-dataset/images\39573.jpg
2895,Women,Footwear,Shoes,Heels,Blue,Winter,2015.0,Casual,Catwalk Women Heeled Black Silver Strap Heels,data/fashion-dataset/images\2895.jpg
13047,Women,Footwear,Shoes,Heels,White,Winter,2012.0,Casual,Inc 5 Women Casual White Wedges,data/fashion-dataset/images\13047.jpg
14441,Women,Footwear,Shoes,Heels,White,Summer,2012.0,Casual,Enroute Women Casual White Flats,data/fashion-dataset/images\14441.jpg
47592,Women,Footwear,Shoes,Heels,White,Winter,2012.0,Casual,Portia Women White Flats,data/fashion-dataset/images\47592.jpg
32856,Women,Footwear,Shoes,Heels,Purple,Winter,2012.0,Casual,Grendha Women Kall Ad Purple Flats,data/fashion-dataset/images\32856.jpg
20279,Women,Footwear,Shoes,Heels,Beige,Winter,2015.0,Casual,Catwalk Women Casual Beige Heels,data/fashion-dataset/images\20279.jpg
2887,Women,Footwear,Shoes,Heels,Beige,Winter,2015.0,Casual,Catwalk Women Black Ballerinas,data/fashion-dataset/images\2887.jpg
46620,Women,Footwear,Shoes,Heels,Brown,Summer,2016.0,Casual,Catwalk Women Brown Sandals,data/fashion-dataset/images\46620.jpg
32852,Women,Footwear,Shoes,Heels,White,Winter,2012.0,Casual,Grendha Women Ciaudia White Flats,data/fashion-dataset/images\32852.jpg
22290,Women,Footwear,Shoes,Heels,Silver,Winter,2012.0,Casual,Inc. 5 Women Casual Silver Flats,data/fashion-dataset/images\22290.jpg
45815,Women,Footwear,Shoes,Heels,Orange,Summer,2012.0,Casual,Senorita Women Orange Flats,data/fashion-dataset/images\45815.jpg
26178,Women,Footwear,Shoes,Heels,Black,Winter,2012.0,Casual,Rocia Women Black Heels,data/fashion-dataset/images\26178.jpg
33106,Women,Footwear,Shoes,Heels,Blue,Winter,2015.0,Casual,Catwalk Women Blue Flats,data/fashion-dataset/images\33106.jpg
49600,Women,Footwear,Shoes,Heels,White,Winter,2015.0,Casual,Catwalk Women White Flats,data/fashion-dataset/images\49600.jpg
41736,Women,Footwear,Shoes,Heels,Gold,Winter,2012.0,Casual,Catwalk Women Golden Heels,data/fashion-dataset/images\41736.jpg
33092,Women,Footwear,Shoes,Heels,Gold,Winter,2015.0,Casual,Catwalk Women Gold Flats,data/fashion-dataset/images\33092.jpg
39588,Women,Footwear,Shoes,Heels,Black,Winter,2015.0,Casual,Catwalk Women Black Wedges,data/fashion-dataset/images\39588.jpg
46618,Women,Footwear,Shoes,Heels,Black,Winter,2012.0,Casual,Catwalk Women Black Sandals,data/fashion-dataset/images\46618.jpg
33125,Women,Footwear,Shoes,Heels,Grey,Winter,2015.0,Casual,Catwalk Women Grey Stilettoes,data/fashion-dataset/images\33125.jpg
59025,Women,Footwear,Shoes,Heels,Black,Winter,2012.0,Casual,Carlton London Women Black Pumps,data/fashion-dataset/images\59025.jpg
17677,Women,Footwear,Shoes,Heels,Tan,Winter,2015.0,Casual,Catwalk Women Weaved Strap Tan Flats,data/fashion-dataset/images\17677.jpg
17672,Women,Footwear,Shoes,Heels,Brown,Winter,2015.0,Casual,Catwalk Women Brown Pumps,data/fashion-dataset/images\17672.jpg
15546,Women,Footwear,Shoes,Heels,Bronze,Winter,2015.0,Casual,Catwalk Women Casual Bronze Heels,data/fashion-dataset/images\15546.jpg
54132,Women,Footwear,Shoes,Heels,Black,Winter,2012.0,Casual,Rocia Women Black Heels,data/fashion-dataset/images\54132.jpg
56679,Women,Footwear,Shoes,Heels,Brown,Winter,2012.0,Casual,Portia Women Brown Sandals,data/fashion-dataset/images\56679.jpg
47620,Women,Footwear,Shoes,Heels,Black,Fall,2014.0,Casual,Portia Women Black Flats,data/fashion-dataset/images\47620.jpg
8172,Women,Footwear,Shoes,Heels,Blue,Winter,2015.0,Casual,Catwalk Women Slim Casual Beige Wedges,data/fashion-dataset/images\8172.jpg
53147,Women,Footwear,Shoes,Heels,Bronze,Winter,2015.0,Casual,Catwalk Women Brown Wedges,data/fashion-dataset/images\53147.jpg
22289,Women,Footwear,Shoes,Heels,Gold,Winter,2012.0,Casual,Inc. 5 Women Casual Golden Flats,data/fashion-dataset/images\22289.jpg
41730,Women,Footwear,Shoes,Heels,White,Winter,2012.0,Casual,Catwalk Women White Heels,data/fashion-dataset/images\41730.jpg
26179,Women,Footwear,Shoes,Heels,Gold,Winter,2012.0,Casual,Rocia Women Golden Heels,data/fashion-dataset/images\26179.jpg
10299,Women,Footwear,Shoes,Heels,Black,Fall,2013.0,Casual,Clarks Women Black Leather Wedges,data/fashion-dataset/images\10299.jpg
32847,Women,Footwear,Shoes,Heels,Beige,Winter,2012.0,Casual,Grendha Women Romance Beige Flats,data/fashion-dataset/images\32847.jpg
22258,Women,Footwear,Shoes,Heels,Blue,Winter,2012.0,Casual,Inc. 5 Women Casual Blue Heels,data/fashion-dataset/images\22258.jpg
47558,Women,Footwear,Shoes,Heels,Silver,Winter,2012.0,Casual,Portia Women Silver & Copper Flats,data/fashion-dataset/images\47558.jpg
2901,Women,Footwear,Shoes,Heels,Black,Winter,2015.0,Formal,Catwalk Women Corporate Leather Black Heels,data/fashion-dataset/images\2901.jpg
47579,Women,Footwear,Shoes,Heels,Black,Winter,2012.0,Casual,Portia Women Black & Brown Sandals,data/fashion-dataset/images\47579.jpg
43929,Women,Footwear,Shoes,Heels,White,Spring,2013.0,Casual,Catwalk Women White Heeled Shoes,data/fashion-dataset/images\43929.jpg
33109,Women,Footwear,Shoes,Heels,Pink,Winter,2015.0,Casual,Catwalk Women Pink Wedges,data/fashion-dataset/images\33109.jpg
17655,Women,Footwear,Shoes,Heels,Black,Winter,2015.0,Casual,Catwalk Women Pumps Black Peep Toes,data/fashion-dataset/images\17655.jpg
54136,Women,Footwear,Shoes,Heels,Silver,Winter,2012.0,Casual,Rocia Women Silver Flats,data/fashion-dataset/images\54136.jpg
59054,Women,Footwear,Shoes,Heels,Silver,Winter,2012.0,Casual,Carlton London Women Silver Heels,data/fashion-dataset/images\59054.jpg
41726,Women,Footwear,Shoes,Heels,Multi,Winter,2012.0,Casual,Catwalk Women Multi Colour Heels,data/fashion-dataset/images\41726.jpg
11493,Women,Footwear,Shoes,Heels,Pink,Winter,2015.0,Casual,Catwalk Women Lifestyle Pink Wedges,data/fashion-dataset/images\11493.jpg
39619,Women,Footwear,Shoes,Heels,Black,Winter,2015.0,Casual,Catwalk Women Black Heels,data/fashion-dataset/images\39619.jpg
14368,Women,Footwear,Shoes,Heels,Black,Winter,2015.0,Casual,Catwalk Women Casual Black Flats,data/fashion-dataset/images\14368.jpg
19029,Women,Footwear,Shoes,Heels,Black,Winter,2015.0,Casual,Catwalk Women Moccasin Black Heels,data/fashion-dataset/images\19029.jpg
50146,Women,Footwear,Shoes,Heels,Red,Winter,2012.0,Casual,Rocia Women Red Heels,data/fashion-dataset/images\50146.jpg
22264,Women,Footwear,Shoes,Heels,Gold,Winter,2012.0,Casual,Inc. 5 Women Casual Golden Flats,data/fashion-dataset/images\22264.jpg
41703,Women,Footwear,Shoes,Heels,Teal,Winter,2012.0,Casual,Catwalk Women Teal Wedges,data/fashion-dataset/images\41703.jpg
22268,Women,Footwear,Shoes,Heels,Black,Winter,2012.0,Casual,Inc. 5 Women Casual Black Wedges,data/fashion-dataset/images\22268.jpg
14415,Women,Footwear,Shoes,Heels,Black,Summer,2012.0,Casual,Enroute Women Black Wedges,data/fashion-dataset/images\14415.jpg
20280,Women,Footwear,Shoes,Heels,Green,Winter,2015.0,Casual,Catwalk Women Casual Green Flats,data/fashion-dataset/images\20280.jpg
49619,Women,Footwear,Shoes,Heels,White,Winter,2015.0,Casual,Catwalk Women White Heels,data/fashion-dataset/images\49619.jpg
56878,Women,Footwear,Shoes,Heels,Silver,Winter,2012.0,Casual,HM Women Silver Heels,data/fashion-dataset/images\56878.jpg
33095,Women,Footwear,Shoes,Heels,Beige,Winter,2015.0,Casual,Catwalk Women Beige Flats,data/fashion-dataset/images\33095.jpg
56952,Women,Footwear,Shoes,Heels,Brown,Winter,2012.0,Casual,HM Women Brown Heels,data/fashion-dataset/images\56952.jpg
24084,Women,Footwear,Shoes,Heels,Bronze,Winter,2015.0,Casual,Catwalk Women Bronze Flats,data/fashion-dataset/images\24084.jpg
56885,Women,Footwear,Shoes,Heels,Red,Winter,2012.0,Casual,HM Women Red Heels,data/fashion-dataset/images\56885.jpg
47547,Women,Footwear,Shoes,Heels,Silver,Winter,2012.0,Casual,Portia Women Silver Flats,data/fashion-dataset/images\47547.jpg
13025,Women,Footwear,Shoes,Heels,Maroon,Winter,2012.0,Casual,Inc 5 Women Casual Maroon Flats,data/fashion-dataset/images\13025.jpg
39193,Women,Footwear,Shoes,Heels,Gold,Winter,2015.0,Casual,Catwalk Women Gold Flats,data/fashion-dataset/images\39193.jpg
35807,Women,Footwear,Shoes,Heels,Pink,Summer,2012.0,Casual,Enroute Women Pink Flats,data/fashion-dataset/images\35807.jpg
45800,Women,Footwear,Shoes,Heels,Copper,Summer,2012.0,Casual,Senorita Women Copper Flats,data/fashion-dataset/images\45800.jpg
56908,Women,Footwear,Shoes,Heels,Blue,Winter,2012.0,Casual,HM Women Blue Heels,data/fashion-dataset/images\56908.jpg
56914,Women,Footwear,Shoes,Heels,Black,Winter,2012.0,Casual,HM Women Black Heels,data/fashion-dataset/images\56914.jpg
34457,Women,Footwear,Shoes,Heels,Beige,Winter,2012.0,Formal,Rocia Women Beige Wedges,data/fashion-dataset/images\34457.jpg
33123,Women,Footwear,Shoes,Heels,Silver,Winter,2015.0,Casual,Catwalk Women Silver Heels,data/fashion-dataset/images\33123.jpg
50153,Women,Footwear,Shoes,Heels,Black,Winter,2012.0,Casual,Rocia Women Black Heels,data/fashion-dataset/images\50153.jpg
21030,Women,Footwear,Shoes,Heels,Red,Fall,2012.0,Casual,Clarks Women Balti Zing Red Heels,data/fashion-dataset/images\21030.jpg
36614,Women,Footwear,Shoes,Heels,Multi,Winter,2015.0,Casual,Catwalk Women Multi-Coloured Heels,data/fashion-dataset/images\36614.jpg
56932,Women,Footwear,Shoes,Heels,Metallic,Winter,2012.0,Casual,HM Women Metallic Flats,data/fashion-dataset/images\56932.jpg
41688,Women,Footwear,Shoes,Heels,Black,Winter,2012.0,Casual,Catwalk Women Black Heels,data/fashion-dataset/images\41688.jpg
41680,Women,Footwear,Shoes,Heels,Bronze,Winter,2012.0,Casual,Catwalk Women Bronze Heels,data/fashion-dataset/images\41680.jpg
49580,Women,Footwear,Shoes,Heels,Gold,Winter,2015.0,Casual,Catwalk Women Golden Heels,data/fashion-dataset/images\49580.jpg
45356,Women,Footwear,Shoes,Heels,Black,Summer,2016.0,Casual,Cobblerz Women Black Sandals,data/fashion-dataset/images\45356.jpg
56864,Women,Footwear,Shoes,Heels,Gold,Winter,2012.0,Casual,HM Women Golden Heels,data/fashion-dataset/images\56864.jpg
41676,Women,Footwear,Shoes,Heels,Black,Winter,2012.0,Casual,Catwalk Women Black Heels,data/fashion-dataset/images\41676.jpg
33534,Women,Footwear,Shoes,Heels,Beige,Summer,2016.0,Casual,Cobblerz Women Beige Pumps,data/fashion-dataset/images\33534.jpg
43927,Women,Footwear,Shoes,Heels,Gold,Winter,2012.0,Casual,Catwalk Women Gold Heels,data/fashion-dataset/images\43927.jpg
45783,Women,Footwear,Shoes,Heels,Maroon,Summer,2012.0,Casual,Senorita Women Maroon Sandals,data/fashion-dataset/images\45783.jpg
35794,Women,Footwear,Shoes,Heels,Black,Summer,2012.0,Casual,Enroute Women Black Wedges,data/fashion-dataset/images\35794.jpg
20753,Women,Footwear,Shoes,Heels,Silver,Winter,2012.0,Casual,Carlton London  Women Classy Silver Stilettos,data/fashion-dataset/images\20753.jpg
11510,Women,Footwear,Shoes,Heels,Beige,Winter,2015.0,Casual,Catwalk Women Lifestyle Beige Flats,data/fashion-dataset/images\11510.jpg
13641,Women,Footwear,Shoes,Heels,Navy Blue,Winter,2012.0,Casual,Carlton London Women Casual Navy Flats,data/fashion-dataset/images\13641.jpg
27077,Women,Footwear,Shoes,Heels,Blue,Winter,2015.0,Casual,Catwalk Women Blue Heels,data/fashion-dataset/images\27077.jpg
53870,Women,Footwear,Shoes,Heels,Brown,Winter,2012.0,Casual,Rocia Women Brown Sandals,data/fashion-dataset/images\53870.jpg
46591,Women,Footwear,Shoes,Heels,Black,Summer,2012.0,Casual,Catwalk Women Black Heels,data/fashion-dataset/images\46591.jpg
13039,Women,Footwear,Shoes,Heels,White,Winter,2012.0,Casual,Inc 5 Women Casual White Flats,data/fashion-dataset/images\13039.jpg
39597,Women,Footwear,Shoes,Heels,Bronze,Winter,2015.0,Casual,Catwalk Women Bronze Flats,data/fashion-dataset/images\39597.jpg
33107,Women,Footwear,Shoes,Heels,Pink,Winter,2015.0,Casual,Catwalk Women Pink Flats,data/fashion-dataset/images\33107.jpg
35821,Women,Footwear,Shoes,Heels,Black,Summer,2012.0,Casual,Enroute Women Black Heels,data/fashion-dataset/images\35821.jpg
21734,Women,Footwear,Shoes,Heels,White,Winter,2015.0,Casual,Catwalk Women Casual White Heels,data/fashion-dataset/images\21734.jpg
49606,Women,Footwear,Shoes,Heels,Silver,Winter,2015.0,Casual,Catwalk Women Metal Grey Heels,data/fashion-dataset/images\49606.jpg
51760,Women,Footwear,Shoes,Heels,Grey,Winter,2015.0,Casual,Catwalk Women Grey Peep Toes,data/fashion-dataset/images\51760.jpg
39568,Women,Footwear,Shoes,Heels,Silver,Winter,2015.0,Casual,Catwalk Women Silver Flats,data/fashion-dataset/images\39568.jpg
32824,Women,Footwear,Shoes,Heels,Blue,Winter,2012.0,Casual,iPanema Women Blue Premium Flats,data/fashion-dataset/images\32824.jpg
57299,Women,Footwear,Shoes,Heels,Black,Winter,2012.0,Casual,Rocia Women Black Flats,data/fashion-dataset/images\57299.jpg
56949,Women,Footwear,Shoes,Heels,Black,Winter,2012.0,Casual,HM Women Black Sandals,data/fashion-dataset/images\56949.jpg
36619,Women,Footwear,Shoes,Heels,Turquoise Blue,Winter,2015.0,Casual,Catwalk Women Turquoise Blue Flats,data/fashion-dataset/images\36619.jpg
13273,Women,Footwear,Shoes,Heels,Gold,Winter,2012.0,Casual,Inc 5 Women Casual Gold Heels,data/fashion-dataset/images\13273.jpg
33120,Women,Footwear,Shoes,Heels,Silver,Winter,2015.0,Casual,Catwalk Women Silver Heels,data/fashion-dataset/images\33120.jpg
27078,Women,Footwear,Shoes,Heels,Black,Winter,2015.0,Casual,Catwalk Women Black Heels,data/fashion-dataset/images\27078.jpg
2899,Women,Footwear,Shoes,Heels,Gold,Winter,2015.0,Casual,Catwalk Women Wedding Collection Gold Heels,data/fashion-dataset/images\2899.jpg
2877,Women,Footwear,Shoes,Heels,Brown,Winter,2015.0,Casual,Catwalk Women Rose Mary Flats,data/fashion-dataset/images\2877.jpg
30692,Women,Footwear,Shoes,Heels,Brown,Winter,2015.0,Casual,Catwalk Women Brown Heels,data/fashion-dataset/images\30692.jpg
42749,Women,Footwear,Shoes,Heels,Black,Winter,2012.0,Casual,Rocia Women Black Heels,data/fashion-dataset/images\42749.jpg
21042,Women,Footwear,Shoes,Heels,Black,Fall,2012.0,Casual,Clarks Women Aerial Flower Black Heels,data/fashion-dataset/images\21042.jpg
39586,Women,Footwear,Shoes,Heels,Red,Winter,2015.0,Casual,Catwalk Women Red Flats,data/fashion-dataset/images\39586.jpg
56940,Women,Footwear,Shoes,Heels,Brown,Winter,2012.0,Casual,HM Women Brown Flats,data/fashion-dataset/images\56940.jpg
2611,Women,Footwear,Shoes,Heels,Gold,Winter,2012.0,Casual,Carlton London Women Stylish Gold Flats,data/fashion-dataset/images\2611.jpg
46584,Women,Footwear,Shoes,Heels,White,Summer,2012.0,Casual,Catwalk Women White Sandals,data/fashion-dataset/images\46584.jpg
44454,Women,Footwear,Shoes,Heels,Black,Summer,2012.0,Casual,Senorita Women Black Sandals,data/fashion-dataset/images\44454.jpg
57857,Women,Footwear,Shoes,Heels,Brown,Winter,2015.0,Casual,Catwalk Women Brown Flats,data/fashion-dataset/images\57857.jpg
45352,Women,Footwear,Shoes,Heels,Olive,Summer,2016.0,Casual,Cobblerz Women Olive Green Sandals,data/fashion-dataset/images\45352.jpg
41709,Women,Footwear,Shoes,Heels,Black,Winter,2012.0,Casual,Catwalk Women Black Heels,data/fashion-dataset/images\41709.jpg
47564,Women,Footwear,Shoes,Heels,Brown,Winter,2012.0,Casual,Portia Women Brown Sandals,data/fashion-dataset/images\47564.jpg
30690,Women,Footwear,Shoes,Heels,Brown,Winter,2015.0,Casual,Catwalk Women Brown Flats,data/fashion-dataset/images\30690.jpg
45370,Women,Footwear,Shoes,Heels,Brown,Summer,2016.0,Casual,Cobblerz Women Brown Sandals,data/fashion-dataset/images\45370.jpg
10271,Women,Footwear,Shoes,Heels,Red,Fall,2012.0,Casual,Clarks Women Sona Silk Leather Red Heels,data/fashion-dataset/images\10271.jpg
41704,Women,Footwear,Shoes,Heels,Brown,Winter,2012.0,Casual,Catwalk Women Brown Wedges,data/fashion-dataset/images\41704.jpg
41739,Women,Footwear,Shoes,Heels,Silver,Winter,2012.0,Casual,Catwalk Women Silver Heels,data/fashion-dataset/images\41739.jpg
14377,Women,Footwear,Shoes,Heels,Copper,Winter,2015.0,Casual,Catwalk Women Casual Copper Flats,data/fashion-dataset/images\14377.jpg
20752,Women,Footwear,Shoes,Heels,Gold,Winter,2012.0,Casual,Carlton London Women Classy Gold Stilettos,data/fashion-dataset/images\20752.jpg
59042,Women,Footwear,Shoes,Heels,Black,Winter,2012.0,Casual,Carlton London Women Black Heels,data/fashion-dataset/images\59042.jpg
47621,Women,Footwear,Shoes,Heels,Yellow,Fall,2014.0,Casual,Portia Women Yellow Flats,data/fashion-dataset/images\47621.jpg
27034,Women,Footwear,Shoes,Heels,Bronze,Winter,2015.0,Casual,Catwalk Women Bronze Heels,data/fashion-dataset/images\27034.jpg
22304,Women,Footwear,Shoes,Heels,Beige,Winter,2012.0,Casual,Inc. 5 Women Casual Beige Heels,data/fashion-dataset/images\22304.jpg
59050,Women,Footwear,Shoes,Heels,Red,Winter,2012.0,Casual,Carlton London Women Red & Black Heels,data/fashion-dataset/images\59050.jpg
41668,Women,Footwear,Shoes,Heels,Silver,Winter,2012.0,Casual,Catwalk Women Silver Heels,data/fashion-dataset/images\41668.jpg
11499,Women,Footwear,Shoes,Heels,Blue,Winter,2015.0,Casual,Catwalk Women Lifestyle Blue Flats,data/fashion-dataset/images\11499.jpg
49597,Women,Footwear,Shoes,Heels,Brown,Winter,2015.0,Casual,Catwalk Women Brown Flats,data/fashion-dataset/images\49597.jpg
19044,Women,Footwear,Shoes,Heels,Bronze,Winter,2015.0,Casual,Catwalk Women Bronze Flats,data/fashion-dataset/images\19044.jpg
35808,Women,Footwear,Shoes,Heels,Cream,Summer,2012.0,Casual,Enroute Women Cream Flats,data/fashion-dataset/images\35808.jpg
15700,Women,Footwear,Shoes,Heels,Pink,Winter,2015.0,Casual,Catwalk Women Casual Pink Flats,data/fashion-dataset/images\15700.jpg
14361,Women,Footwear,Shoes,Heels,Black,Winter,2015.0,Casual,Catwalk Women Casual Black Heels,data/fashion-dataset/images\14361.jpg
39560,Women,Footwear,Shoes,Heels,Blue,Winter,2015.0,Casual,Catwalk Women Blue Flats,data/fashion-dataset/images\39560.jpg
56946,Women,Footwear,Shoes,Heels,Gold,Winter,2012.0,Casual,HM Women Golden Heels,data/fashion-dataset/images\56946.jpg
32846,Women,Footwear,Shoes,Heels,Brown,Winter,2012.0,Casual,Grendha Women Jola Cigana Brown Flats,data/fashion-dataset/images\32846.jpg
39609,Women,Footwear,Shoes,Heels,Brown,Winter,2015.0,Casual,Catwalk Women Brown Heels,data/fashion-dataset/images\39609.jpg
33090,Women,Footwear,Shoes,Heels,Gold,Winter,2015.0,Casual,Catwalk Women Gold Flats,data/fashion-dataset/images\33090.jpg
49588,Women,Footwear,Shoes,Heels,Black,Winter,2015.0,Casual,Catwalk Women Black Heels,data/fashion-dataset/images\49588.jpg
41715,Women,Footwear,Shoes,Heels,Brown,Winter,2012.0,Casual,Catwalk Women Brown Wedges,data/fashion-dataset/images\41715.jpg
20782,Women,Footwear,Shoes,Heels,Gold,Winter,2012.0,Casual,Carlton London Women Classy Gold Heels,data/fashion-dataset/images\20782.jpg
14437,Women,Footwear,Shoes,Heels,Silver,Summer,2012.0,Casual,Enroute Women Silver Wedges,data/fashion-dataset/images\14437.jpg
46588,Women,Footwear,Shoes,Heels,Gold,Winter,2012.0,Casual,Catwalk Women Golden Heels,data/fashion-dataset/images\46588.jpg
49592,Women,Footwear,Shoes,Heels,Gold,Winter,2015.0,Casual,Catwalk Women Gold Heels,data/fashion-dataset/images\49592.jpg
45333,Women,Footwear,Shoes,Heels,Green,Summer,2016.0,Casual,Cobblerz Women Green Sandals,data/fashion-dataset/images\45333.jpg
20761,Women,Footwear,Shoes,Heels,Brown,Spring,2013.0,Casual,Carlton London Women Casual Bronze Wedges,data/fashion-dataset/images\20761.jpg
39869,Women,Footwear,Shoes,Heels,Grey,Spring,2013.0,Casual,Catwalk Women Grey & Blue Flats,data/fashion-dataset/images\39869.jpg
14419,Women,Footwear,Shoes,Heels,Gold,Summer,2012.0,Casual,Enroute Women Casual Gold Flats,data/fashion-dataset/images\14419.jpg
21038,Women,Footwear,Shoes,Heels,Black,Fall,2012.0,Casual,Clarks Women Balti Zing Black Heels,data/fashion-dataset/images\21038.jpg
56865,Women,Footwear,Shoes,Heels,Black,Winter,2012.0,Casual,HM Women Black Flats,data/fashion-dataset/images\56865.jpg
17666,Women,Footwear,Shoes,Heels,Multi,Winter,2015.0,Casual,Catwalk Women Classic Multi Heels,data/fashion-dataset/images\17666.jpg
14383,Women,Footwear,Shoes,Heels,Copper,Winter,2015.0,Casual,Catwalk Women Casual Copper Flats,data/fashion-dataset/images\14383.jpg
20265,Women,Footwear,Shoes,Heels,Brown,Winter,2012.0,Casual,Catwalk Women Casual Brown Flats,data/fashion-dataset/images\20265.jpg
56873,Women,Footwear,Shoes,Heels,Black,Winter,2012.0,Casual,HM Women Black Flats,data/fashion-dataset/images\56873.jpg
50160,Women,Footwear,Shoes,Heels,Black,Winter,2014.0,Casual,Rocia Women Black Wedges,data/fashion-dataset/images\50160.jpg
50156,Women,Footwear,Shoes,Heels,Gold,Winter,2012.0,Casual,Rocia Women Gold Toned Heels,data/fashion-dataset/images\50156.jpg
14358,Women,Footwear,Shoes,Heels,Brown,Winter,2015.0,Casual,Catwalk Women Casual Brown Heels,data/fashion-dataset/images\14358.jpg
56910,Women,Footwear,Shoes,Heels,Red,Winter,2012.0,Casual,HM Women Red Flats,data/fashion-dataset/images\56910.jpg
56934,Women,Footwear,Shoes,Heels,Silver,Winter,2012.0,Casual,HM Women Silver Flats,data/fashion-dataset/images\56934.jpg
37970,Women,Footwear,Shoes,Heels,Black,Fall,2012.0,Formal,Clarks Women Chart Leather Black Formal Shoes,data/fashion-dataset/images\37970.jpg
49827,Women,Footwear,Shoes,Heels,Brown,Winter,2012.0,Casual,iPanema Women Gold Flats,data/fashion-dataset/images\49827.jpg
45341,Women,Footwear,Shoes,Heels,Beige,Summer,2016.0,Casual,Cobblerz Women Beige & Green Sandals,data/fashion-dataset/images\45341.jpg
47574,Women,Footwear,Shoes,Heels,White,Winter,2012.0,Casual,Portia Women White Wedges,data/fashion-dataset/images\47574.jpg
49615,Women,Footwear,Shoes,Heels,Brown,Winter,2015.0,Casual,Catwalk Women Brown Heels,data/fashion-dataset/images\49615.jpg
20899,Women,Footwear,Shoes,Heels,White,Winter,2015.0,Casual,Catwalk Women White Casual Flats,data/fashion-dataset/images\20899.jpg
14425,Women,Footwear,Shoes,Heels,Tan,Summer,2012.0,Casual,Enroute Women Casual Tan Flats,data/fashion-dataset/images\14425.jpg
14381,Women,Footwear,Shoes,Heels,Brown,Winter,2015.0,Casual,Catwalk Women Casual Brown Sandals,data/fashion-dataset/images\14381.jpg
45376,Women,Footwear,Shoes,Heels,Brown,Summer,2016.0,Casual,Cobblerz Women Brown Sandals,data/fashion-dataset/images\45376.jpg
35803,Women,Footwear,Shoes,Heels,Tan,Summer,2012.0,Casual,Enroute Women Tan Flats,data/fashion-dataset/images\35803.jpg
56923,Women,Footwear,Shoes,Heels,Orange,Winter,2012.0,Casual,HM Women Orange Flats,data/fashion-dataset/images\56923.jpg
41737,Women,Footwear,Shoes,Heels,Black,Winter,2012.0,Casual,Catwalk Women Black Heels,data/fashion-dataset/images\41737.jpg
20281,Women,Footwear,Shoes,Heels,Pink,Winter,2015.0,Casual,Catwalk Women Casual Pink Flats,data/fashion-dataset/images\20281.jpg
59034,Women,Footwear,Shoes,Heels,Bronze,Winter,2012.0,Casual,Carlton London Women Black Heels,data/fashion-dataset/images\59034.jpg
56909,Women,Footwear,Shoes,Heels,Green,Winter,2012.0,Casual,HM Women Green Flats,data/fashion-dataset/images\56909.jpg
19038,Women,Footwear,Shoes,Heels,Beige,Winter,2015.0,Casual,Catwalk Women Beige Heels,data/fashion-dataset/images\19038.jpg
56872,Women,Footwear,Shoes,Heels,Red,Winter,2012.0,Casual,HM Women Red Sandals,data/fashion-dataset/images\56872.jpg
14462,Women,Footwear,Shoes,Heels,Gold,Summer,2012.0,Casual,Enroute Women Casual Gold Peep Toes,data/fashion-dataset/images\14462.jpg
14451,Women,Footwear,Shoes,Heels,Multi,Summer,2012.0,Casual,Enroute Women Casual Multi Flats,data/fashion-dataset/images\14451.jpg
14433,Women,Footwear,Shoes,Heels,Brown,Summer,2012.0,Casual,Enroute Women Casual Brown Flats,data/fashion-dataset/images\14433.jpg
